"Pitkin, Colorado",118.5
"Summit, Colorado",121
"Presidio, Texas",126.3
"Mono, California",148.5
"Eagle, Colorado",148.7
"San Miguel, Colorado",153.2
"Custer, Colorado",163.9
"Teton, Wyoming",164.1
"Hartley, Texas",167
"Douglas, Colorado",169.3
"Fairfax, Virginia",172.5
"Ouray, Colorado",173.6
"Aleutians West, Alaska",173.7
"Loudoun, Virginia",176.8
"Morgan, Utah",177.8
"Montgomery, Maryland",178.9
"Lincoln, South Dakota",179.2
"Summit, Utah",181.7
"Sublette, Wyoming",183
"Leelanau, Michigan",183.2
"Marin, California",185.3
"Howard, Maryland",190.1
"Blaine, Idaho",191
"Carver, Minnesota",191.5
"Los Alamos, New Mexico",194
"Routt, Colorado",196
"Falls Church City, Virginia",196.4
"Arlington, Virginia",199.9
"Cook, Minnesota",200.5
"Gunnison, Colorado",204
"Potter, South Dakota",204.5
"Santa Clara, California",204.8
"Hand, South Dakota",205.2
"Hunterdon, New Jersey",205.3
"Valley, Idaho",207
"San Mateo, California",207.2
"Williamson, Tennessee",207.2
"Albemarle, Virginia",207.3
"Boulder, Colorado",207.5
"Washington, Minnesota",207.9
"Jeff Davis, Texas",208.3
"Sioux, Iowa",208.6
"Polk, Nebraska",208.9
"Somerset, New Jersey",209.1
"Dukes, Massachusetts",209.5
"Collin, Texas",210.2
"Kewaunee, Wisconsin",210.3
"Bristol, Rhode Island",210.8
"Hamilton, Indiana",210.8
"Nantucket, Massachusetts",211
"Adams, Idaho",211.3
"Bergen, New Jersey",211.6
"Faulk, South Dakota",211.7
"Grant, South Dakota",211.9
"Grand, Colorado",212
"Morris, New Jersey",212
"Scott, Minnesota",212
"Story, Iowa",212.2
"Wasatch, Utah",212.8
"Winneshiek, Iowa",213.7
"Cache, Utah",213.8
"Brown, Nebraska",213.9
"Cedar, Nebraska",214.8
"Houston, Minnesota",215.4
"Archuleta, Colorado",217.7
"Ozaukee, Wisconsin",218.4
"Union, Pennsylvania",218.8
"Bremer, Iowa",219.1
"Calumet, Wisconsin",219.6
"Edmunds, South Dakota",220.2
"Orange, California",220.4
"Dallas, Iowa",221
"DuPage, Illinois",221
"Kinney, Texas",221.1
"Johnson, Kansas",221.2
"York, Virginia",221.4
"Westchester, New York",222
"Forsyth, Georgia",222.6
"Nobles, Minnesota",224.1
"Delaware, Ohio",224.3
"Fillmore, Minnesota",224.7
"Fairfield, Connecticut",225.2
"Marshall, Minnesota",225.2
"Williamson, Texas",226
"Gallatin, Montana",226.3
"Fort Bend, Texas",226.4
"Ottawa, Michigan",226.7
"Pierce, Wisconsin",226.7
"Rockland, New York",227.5
"Olmsted, Minnesota",228.3
"Wright, Minnesota",228.9
"Wheatland, Montana",229.7
"San Juan, Washington",230
"Washington, Oregon",230.1
"Rice, Minnesota",230.8
"Teton, Idaho",230.9
"Dakota, Minnesota",231
"Kendall, Texas",231.1
"Garfield, Washington",231.4
"Nicollet, Minnesota",231.6
"Nassau, New York",231.7
"McIntosh, North Dakota",231.9
"Larimer, Colorado",232.1
"Wilkin, Minnesota",232.1
"Middlesex, Massachusetts",232.2
"Santa Cruz, Arizona",232.2
"Waseca, Minnesota",232.9
"La Plata, Colorado",233
"Island, Washington",233.1
"Johnson, Iowa",233.5
"Waukesha, Wisconsin",233.7
"Benton, Oregon",234
"Ventura, California",234.2
"Tolland, Connecticut",234.3
"Collier, Florida",235
"Elbert, Colorado",235
"Aurora, South Dakota",235.1
"Alexandria City, Virginia",235.3
"Colfax, Nebraska",235.8
"Prince William, Virginia",235.9
"Chittenden, Vermont",236
"Fayette, Georgia",236.3
"Geauga, Ohio",236.4
"Whitman, Washington",236.9
"Traill, North Dakota",237.2
"Iowa, Iowa",237.4
"Dodge, Minnesota",237.5
"Hettinger, North Dakota",237.6
"Mower, Minnesota",238.2
"Norfolk, Massachusetts",238.6
"Lyon, Minnesota",239.8
"St. Croix, Wisconsin",240
"New York, New York",240.1
"Centre, Pennsylvania",240.7
"James City, Virginia",240.9
"Wayne, Nebraska",241
"Gray, Kansas",241.2
"Grundy, Iowa",241.4
"Davis, Utah",241.5
"Divide, North Dakota",241.5
"Toole, Montana",241.5
"Union, South Dakota",241.5
"Kendall, Illinois",241.9
"Pepin, Wisconsin",242
"Pierce, Nebraska",242.2
"Clay, Nebraska",242.3
"Le Sueur, Minnesota",242.8
"Queens, New York",242.8
"Hamlin, South Dakota",242.9
"Kane, Illinois",243.1
"Roseau, Minnesota",243.1
"King, Washington",243.5
"San Benito, California",243.6
"Hood River, Oregon",243.7
"Stearns, Minnesota",243.7
"Wake, North Carolina",243.9
"Broomfield, Colorado",244.4
"Putnam, New York",244.4
"Poquoson City, Virginia",244.8
"Riley, Kansas",244.8
"Park, Colorado",244.9
"Monterey, California",245.2
"Washington, Nebraska",245.2
"Florence, Wisconsin",245.4
"Orange, North Carolina",245.6
"Lake, South Dakota",245.7
"Madison, Idaho",246
"Garfield, Colorado",246.5
"Steele, Minnesota",246.5
"Dane, Wisconsin",246.6
"Saratoga, New York",246.8
"Gwinnett, Georgia",246.9
"Placer, California",247
"Taylor, Wisconsin",247.2
"Wabasha, Minnesota",247.2
"Denton, Texas",247.5
"Sarpy, Nebraska",247.5
"Brookings, South Dakota",247.7
"Hampshire, Massachusetts",247.8
"Goodhue, Minnesota",248.1
"Cuming, Nebraska",248.2
"Brown, Minnesota",248.5
"Kandiyohi, Minnesota",248.6
"Napa, California",248.6
"Utah, Utah",248.6
"Douglas, Nevada",248.7
"Gilpin, Colorado",248.9
"Whatcom, Washington",249
"Santa Cruz, California",249.1
"Sagadahoc, Maine",249.2
"Mitchell, Iowa",249.5
"Stanton, Nebraska",249.7
"Door, Wisconsin",250.1
"Oconee, Georgia",250.1
"Lake, Illinois",250.2
"Franklin, Idaho",250.3
"Beaufort, South Carolina",250.7
"Hughes, South Dakota",250.9
"Clinton, Illinois",251.1
"Pembina, North Dakota",251.1
"Santa Barbara, California",251.1
"Bon Homme, South Dakota",251.5
"Chester, Pennsylvania",251.7
"Contra Costa, California",251.8
"Saguache, Colorado",251.8
"Mason, Texas",252.5
"Lyon, Iowa",252.7
"Ada, Idaho",252.9
"Douglas, Minnesota",253
"Washington, Rhode Island",253.1
"McLeod, Minnesota",253.5
"Winona, Minnesota",253.5
"Noble, Ohio",253.8
"Newport, Rhode Island",254.1
"Plymouth, Iowa",254.1
"Clinton, Michigan",254.3
"Perkins, Nebraska",254.3
"Hudspeth, Texas",254.4
"Meeker, Minnesota",254.4
"Portage, Wisconsin",254.6
"Adams, North Dakota",254.7
"Sargent, North Dakota",255.1
"Middlesex, Connecticut",255.3
"Hays, Texas",255.5
"Cherry, Nebraska",256
"Chisago, Minnesota",256.1
"Hamilton, Iowa",256.2
"Stafford, Virginia",256.2
"Nevada, California",256.3
"Alameda, California",256.6
"El Dorado, California",256.7
"Phillips, Colorado",256.7
"San Diego, California",256.7
"Burleigh, North Dakota",257.1
"Middlesex, New Jersey",257.1
"Washtenaw, Michigan",257.2
"Pottawatomie, Kansas",257.3
"Lafayette, Wisconsin",257.6
"Sonoma, California",258
"San Francisco, California",258.3
"Tompkins, New York",258.5
"Arapahoe, Colorado",258.8
"Deuel, South Dakota",258.9
"Gove, Kansas",259.1
"Anoka, Minnesota",259.4
"Clackamas, Oregon",259.4
"Franklin, Massachusetts",259.8
"Crowley, Colorado",259.9
"Hennepin, Minnesota",259.9
"Frederick, Maryland",260.1
"Cedar, Iowa",260.5
"Sherburne, Minnesota",260.5
"Woodford, Illinois",260.9
"Jefferson, Colorado",261.2
"Litchfield, Connecticut",261.3
"Essex, Massachusetts",261.8
"Douglas, Washington",262.2
"Hancock, Illinois",262.3
"Clear Creek, Colorado",262.4
"Stevens, Minnesota",262.5
"Hardeman, Texas",262.6
"Delaware, Iowa",262.9
"Grant, Oregon",262.9
"Hamilton, Nebraska",262.9
"Manassas Park City, Virginia",262.9
"Cameron, Louisiana",263
"St. Charles, Missouri",263.1
"Howard, Iowa",263.2
"Washington, Wisconsin",263.4
"Jefferson, Washington",263.8
"Montgomery, Pennsylvania",263.8
"Teller, Colorado",263.8
"Douglas, Kansas",263.9
"Outagamie, Wisconsin",264.4
"Storey, Nevada",264.6
"Livingston, Michigan",264.8
"Fremont, Idaho",264.9
"Chickasaw, Iowa",265
"Goochland, Virginia",265.2
"Rockingham, New Hampshire",265.6
"Kittitas, Washington",265.7
"Los Angeles, California",265.7
"Blue Earth, Minnesota",265.8
"Marathon, Wisconsin",265.9
"Cobb, Georgia",266
"Benton, Iowa",266.1
"Medina, Ohio",266.4
"Moody, South Dakota",266.5
"Pipestone, Minnesota",266.6
"Monroe, Illinois",267
"Stark, North Dakota",267.1
"Jones, Iowa",267.2
"Powhatan, Virginia",267.2
"McPherson, South Dakota",267.5
"Eau Claire, Wisconsin",267.7
"Ness, Kansas",267.7
"Mathews, Virginia",267.8
"Platte, Missouri",268
"Travis, Texas",268
"Turner, South Dakota",268.1
"Lincoln, Minnesota",268.2
"Dickinson, Iowa",268.4
"Hendricks, Indiana",268.5
"Jo Daviess, Illinois",268.5
"Otter Tail, Minnesota",268.7
"San Luis Obispo, California",268.7
"Washington, Kansas",269
"Lawrence, South Dakota",269.1
"Fluvanna, Virginia",269.2
"Watauga, North Carolina",269.2
"St. Johns, Florida",269.3
"Cass, North Dakota",269.4
"Deschutes, Oregon",269.5
"Talbot, Maryland",269.6
"Lake of the Woods, Minnesota",269.7
"Cumberland, Maine",269.8
"McHenry, Illinois",269.8
"Grafton, New Hampshire",270
"Lake, Colorado",270
"Windsor, Vermont",270
"Dubuque, Iowa",270.4
"Washington, Utah",270.6
"Greeley, Nebraska",270.8
"Wayne, Utah",270.9
"Suffolk, New York",271.1
"Barnstable, Massachusetts",271.3
"Chippewa, Wisconsin",271.4
"Honolulu, Hawaii",271.5
"Crawford, Iowa",271.6
"Miami-Dade, Florida",271.7
"Boone, Nebraska",271.9
"Jewell, Kansas",272.2
"Rock, Minnesota",272.3
"Jefferson, Idaho",272.5
"Monmouth, New Jersey",272.6
"Todd, Minnesota",272.7
"Hillsborough, New Hampshire",272.8
"Lancaster, Nebraska",272.9
"Clayton, Iowa",273.2
"Day, South Dakota",273.6
"Union, New Jersey",273.6
"Green, Wisconsin",273.8
"Jefferson, Wisconsin",274.1
"LaMoure, North Dakota",274.1
"Martin, Florida",274.1
"Redwood, Minnesota",274.1
"Carroll, New Hampshire",274.2
"Shelby, Iowa",274.4
"DeKalb, Illinois",274.6
"Pope, Minnesota",274.7
"Sanborn, South Dakota",274.7
"Grand Traverse, Michigan",274.8
"Cottonwood, Minnesota",275.1
"Buffalo, Nebraska",275.3
"Grand Isle, Vermont",275.4
"Schleicher, Texas",275.7
"Warren, Iowa",275.7
"Codington, South Dakota",275.8
"Gillespie, Texas",275.8
"Holt, Nebraska",275.8
"Beaverhead, Montana",275.9
"Hubbard, Minnesota",275.9
"Monroe, Missouri",275.9
"Lancaster, Pennsylvania",276.2
"Yolo, California",276.6
"Custer, South Dakota",276.7
"Franklin, Iowa",276.8
"Washington, Vermont",276.8
"Yankton, South Dakota",277
"Chatham, North Carolina",277.2
"Rockwall, Texas",277.3
"Freeborn, Minnesota",277.4
"Watonwan, Minnesota",277.4
"Fond du Lac, Wisconsin",277.5
"Fairfax City, Virginia",277.6
"Ravalli, Montana",277.6
"Oldham, Kentucky",277.8
"Latah, Idaho",277.9
"Chelan, Washington",278
"Pike, Pennsylvania",278
"Dickey, North Dakota",278.1
"Isanti, Minnesota",278.1
"Kauai, Hawaii",278.1
"Buffalo, Wisconsin",278.2
"Will, Illinois",278.2
"Mahaska, Iowa",278.3
"Guthrie, Iowa",278.4
"Albany, Wyoming",278.7
"Dunn, Wisconsin",278.8
"New London, Connecticut",278.8
"Champaign, Illinois",279
"Meade, South Dakota",279
"Sibley, Minnesota",279
"Hidalgo, Texas",279.3
"Seminole, Florida",279.3
"Cumberland, Pennsylvania",279.4
"Miner, South Dakota",279.4
"Palm Beach, Florida",279.4
"Platte, Nebraska",279.4
"Grant, Wisconsin",279.5
"Stevens, Kansas",279.5
"Teton, Montana",279.8
"Wood, Wisconsin",279.8
"Brown, Wisconsin",279.9
"Dutchess, New York",280
"Power, Idaho",280
"Chaffee, Colorado",280.3
"Hancock, Maine",280.4
"Kanabec, Minnesota",280.5
"Brown, Illinois",280.6
"Rockingham, Virginia",280.6
"Schoharie, New York",280.6
"Maui, Hawaii",280.8
"Benton, Washington",281
"Johnson, Nebraska",281
"Oneida, Idaho",281
"York, Maine",281
"Crow Wing, Minnesota",281.2
"Linn, Iowa",281.2
"Clark, Washington",281.4
"Warren, Ohio",281.4
"Polk, Oregon",281.7
"Midland, Michigan",281.8
"Queen Anne's, Maryland",281.8
"Martin, Minnesota",281.9
"Virginia Beach City, Virginia",282
"Franklin, Washington",282.2
"Gilmer, Georgia",282.2
"Green Lake, Wisconsin",282.2
"Boone, Illinois",282.3
"Addison, Vermont",282.5
"Brazos, Texas",282.5
"Nodaway, Missouri",282.6
"Swift, Minnesota",282.7
"Bucks, Pennsylvania",282.9
"Belknap, New Hampshire",283.1
"Kossuth, Iowa",283.1
"Richland, North Dakota",283.1
"Chesterfield, Virginia",283.2
"Thurston, Washington",283.3
"Warren, Indiana",283.5
"York, Nebraska",283.6
"Lincoln, Maine",283.8
"Weld, Colorado",283.8
"Snohomish, Washington",284
"Trempealeau, Wisconsin",284
"Jackson, Minnesota",284.2
"Merrimack, New Hampshire",284.4
"Columbia, Wisconsin",284.5
"Orange, Vermont",284.6
"Hartford, Connecticut",284.7
"Transylvania, North Carolina",284.7
"Madison, Nebraska",284.8
"Kitsap, Washington",284.9
"Murray, Minnesota",284.9
"Union, North Carolina",285.1
"Benton, Minnesota",285.7
"Madison, New York",286.1
"Lamoille, Vermont",286.4
"Plymouth, Massachusetts",286.4
"Walla Walla, Washington",286.7
"Botetourt, Virginia",286.8
"Emmet, Michigan",287
"Sheboygan, Wisconsin",287
"Putnam, Ohio",287.1
"Thomas, Kansas",287.5
"Barron, Wisconsin",287.8
"Brown, South Dakota",287.8
"Berkshire, Massachusetts",288.2
"Hutchinson, South Dakota",288.6
"Chouteau, Montana",288.9
"Bottineau, North Dakota",289
"Kidder, North Dakota",289
"Richland, Wisconsin",289
"Adams, Washington",289.1
"Cherokee, Georgia",289.1
"Floyd, Virginia",289.3
"Imperial, California",289.3
"Morrison, Minnesota",289.3
"Northampton, Pennsylvania",289.7
"Livingston, New York",289.8
"Harris, Georgia",289.9
"Boise, Idaho",290
"Ramsey, Minnesota",290.1
"Shelby, Illinois",290.2
"Antelope, Nebraska",290.5
"Fauquier, Virginia",290.6
"Monroe, New York",290.6
"Carroll, Maryland",290.7
"Ward, North Dakota",290.7
"Bayfield, Wisconsin",291.1
"Hanover, Virginia",291.1
"Putnam, Illinois",291.1
"Kodiak Island, Alaska",291.2
"Skagit, Washington",291.3
"El Paso, Colorado",291.4
"Humboldt, Iowa",291.4
"Nuckolls, Nebraska",291.5
"Tioga, New York",291.6
"Harrisonburg City, Virginia",291.7
"La Crosse, Wisconsin",291.7
"Yuma, Colorado",291.7
"Grant, Minnesota",291.8
"Worcester, Massachusetts",291.9
"Santa Fe, New Mexico",292.1
"Vernon, Wisconsin",292.3
"Kent, Michigan",292.4
"Lewis, Idaho",292.4
"Union, Ohio",292.5
"Concho, Texas",292.7
"Jackson, Wisconsin",292.7
"Calhoun, Illinois",292.9
"Juneau, Alaska",292.9
"McLean, Illinois",292.9
"Walworth, Wisconsin",292.9
"Hancock, Iowa",293
"Mecklenburg, North Carolina",293
"Oakland, Michigan",293.1
"Knox, Maine",293.3
"Sheridan, Nebraska",293.4
"New Haven, Connecticut",293.5
"Keweenaw, Michigan",293.7
"Orange, New York",293.8
"Frederick, Virginia",294.1
"Flathead, Montana",294.3
"Howard, Nebraska",294.4
"Van Buren, Iowa",294.4
"Lake, Minnesota",294.6
"Kiowa, Kansas",294.7
"Riverside, California",294.8
"Clay, Minnesota",294.9
"Lee, Florida",295
"Maricopa, Arizona",295.1
"Adams, Nebraska",295.4
"Passaic, New Jersey",295.4
"Ransom, North Dakota",295.9
"Sarasota, Florida",295.9
"Lee, Texas",296
"Manitowoc, Wisconsin",296
"Otoe, Nebraska",296
"Nemaha, Kansas",296.1
"Dodge, Wisconsin",296.3
"Richmond, New York",296.3
"Burlington, New Jersey",296.5
"Ontario, New York",296.6
"Warren, Illinois",296.7
"Bandera, Texas",296.8
"Lewis, New York",296.8
"Mills, Texas",296.8
"Boone, Indiana",297
"Yellow Medicine, Minnesota",297.1
"Clark, Wisconsin",297.2
"Dolores, Colorado",297.2
"Yuma, Arizona",297.2
"Mercer, North Dakota",297.3
"Sussex, New Jersey",297.3
"Columbia, Georgia",297.5
"Mercer, New Jersey",297.5
"Manassas City, Virginia",297.6
"Winnebago, Iowa",297.7
"Essex, New York",297.8
"Johnson, Wyoming",297.8
"Warrick, Indiana",297.8
"Lincoln, Wyoming",297.9
"Sandoval, New Mexico",297.9
"Clark, South Dakota",298
"Seward, Nebraska",298
"Missoula, Montana",298.1
"Wallowa, Oregon",298.1
"Hudson, New Jersey",298.6
"Floyd, Iowa",298.7
"Rappahannock, Virginia",298.8
"Henrico, Virginia",298.9
"Washington, Colorado",299
"Wood, Ohio",299
"Rockbridge, Virginia",299.3
"Warren, New Jersey",299.3
"Madison, Montana",299.5
"Park, Wyoming",299.5
"Faribault, Minnesota",299.6
"Boone, Missouri",299.9
"Holmes, Ohio",299.9
"Charlevoix, Michigan",300
"Bennington, Vermont",300.1
"Otsego, New York",300.1
"Garfield, Nebraska",300.3
"Hansford, Texas",300.3
"Warren, New York",300.4
"Gosper, Nebraska",300.5
"Cavalier, North Dakota",300.7
"Indian River, Florida",300.7
"Allegan, Michigan",300.8
"Hanson, South Dakota",300.9
"Adams, Pennsylvania",301
"Maverick, Texas",301
"Herkimer, New York",301.2
"Lehigh, Pennsylvania",301.2
"Morrow, Oregon",301.2
"Alger, Michigan",301.3
"Shawano, Wisconsin",301.3
"Strafford, New Hampshire",301.3
"Christian, Missouri",301.6
"Broward, Florida",301.7
"Jefferson, Montana",301.8
"Sumter, Florida",302
"Aitkin, Minnesota",302.1
"Lincoln, Nevada",302.1
"Wrangell-Petersburg, Alaska",302.1
"Clay, Kansas",302.3
"Eaton, Michigan",302.5
"Brewster, Texas",302.7
"Kings, New York",302.7
"Wayne, New York",302.7
"Pondera, Montana",302.8
"Mackinac, Michigan",302.9
"McDonough, Illinois",302.9
"Greene, Ohio",303
"Hall, Nebraska",303.1
"Kootenai, Idaho",303.2
"Salt Lake, Utah",303.2
"Bonner, Idaho",303.3
"Cameron, Texas",303.3
"Harford, Maryland",303.4
"Sheridan, Kansas",303.4
"Calvert, Maryland",303.5
"Schuyler, Illinois",303.5
"Ogle, Illinois",303.6
"El Paso, Texas",303.7
"Glades, Florida",303.7
"Kane, Utah",303.9
"Albany, New York",304.3
"Clay, Iowa",304.4
"Snyder, Pennsylvania",304.4
"Buena Vista, Iowa",304.6
"Fairbanks North Star, Alaska",304.7
"Furnas, Nebraska",304.8
"Logan, North Dakota",304.8
"LaGrange, Indiana",305.1
"Yamhill, Oregon",305.2
"Yates, New York",305.2
"Comal, Texas",305.3
"Kingsbury, South Dakota",305.3
"Hawaii, Hawaii",305.5
"Carbon, Montana",305.6
"Henry, Illinois",305.6
"Pinal, Arizona",305.6
"Audubon, Iowa",305.7
"Butler, Pennsylvania",305.7
"Marshall, Kansas",305.7
"Barry, Michigan",305.8
"Custer, Nebraska",305.8
"De Witt, Illinois",305.9
"Ulster, New York",306
"Anne Arundel, Maryland",306.2
"Marion, Iowa",306.3
"Logan, Colorado",306.4
"Sanpete, Utah",306.4
"Winnebago, Wisconsin",306.4
"Bureau, Illinois",306.5
"Roanoke, Virginia",306.5
"Jefferson, Iowa",306.6
"Oconto, Wisconsin",306.6
"Crook, Oregon",306.8
"Osceola, Florida",306.8
"Montgomery, Iowa",307
"Lebanon, Pennsylvania",307.1
"Greene, Virginia",307.2
"Ohio, Indiana",307.2
"Cheshire, New Hampshire",307.3
"Marion, Kansas",307.4
"Park, Montana",307.4
"York, Pennsylvania",307.5
"Onondaga, New York",307.6
"Cayuga, New York",307.7
"Wyoming, New York",307.8
"Red Willow, Nebraska",308
"Schenectady, New York",308
"Wilson, Texas",308.1
"Guadalupe, Texas",308.2
"Kittson, Minnesota",308.2
"Piatt, Illinois",308.3
"Ellis, Kansas",308.6
"Hardin, Iowa",308.9
"Koochiching, Minnesota",308.9
"Zapata, Texas",309.2
"Bedford, Virginia",309.3
"Berks, Pennsylvania",309.3
"Polk, Wisconsin",309.3
"Wells, Indiana",309.3
"Box Elder, Utah",309.4
"Franklin, Pennsylvania",309.4
"Lincoln, Washington",309.4
"Fayette, Texas",309.5
"Steuben, Indiana",309.6
"Andrew, Missouri",309.7
"Lac qui Parle, Minnesota",309.7
"Augusta, Virginia",309.8
"Langlade, Wisconsin",309.8
"Norton, Kansas",309.8
"Big Stone, Minnesota",310
"Webster, Nebraska",310.1
"Chippewa, Minnesota",310.2
"Davison, South Dakota",310.2
"Colusa, California",310.3
"Houghton, Michigan",310.4
"Clay, Missouri",310.5
"Finney, Kansas",310.5
"Rio Blanco, Colorado",310.5
"Sutton, Texas",310.5
"Carroll, Iowa",310.6
"Washington, Iowa",310.8
"Columbia, New York",310.9
"Fairfield, Ohio",311.1
"Seneca, New York",311.1
"Solano, California",311.1
"Benzie, Michigan",311.2
"Grand Forks, North Dakota",311.2
"King George, Virginia",311.2
"Caledonia, Vermont",311.4
"Price, Wisconsin",311.6
"Madison, North Carolina",311.9
"Mariposa, California",311.9
"Judith Basin, Montana",312.2
"Orange, Florida",312.2
"Cass, Nebraska",312.5
"Polk, North Carolina",312.5
"Bristol, Massachusetts",312.6
"New Kent, Virginia",312.6
"Stone, Missouri",312.6
"Spotsylvania, Virginia",312.7
"Chippewa, Michigan",312.8
"Tama, Iowa",312.8
"Montrose, Colorado",312.9
"Butler, Iowa",313
"Shenandoah, Virginia",313
"Keokuk, Iowa",313.1
"Burnett, Wisconsin",313.4
"Bonneville, Idaho",313.5
"Prince George, Virginia",313.5
"Suffolk, Massachusetts",313.5
"Doniphan, Kansas",313.7
"Foster, North Dakota",313.7
"Granite, Montana",313.7
"Stillwater, Montana",313.9
"St. Mary's, Maryland",313.9
"Cerro Gordo, Iowa",314
"Oneida, Wisconsin",314
"Emmons, North Dakota",314.1
"Juniata, Pennsylvania",314.1
"Waldo, Maine",314.1
"Webb, Texas",314.1
"Boone, Kentucky",314.2
"Walsh, North Dakota",314.2
"Johnson, Illinois",314.5
"Meade, Kansas",314.5
"Franklin, Maine",314.7
"Haskell, Kansas",314.8
"Paulding, Georgia",314.8
"Fallon, Montana",314.9
"Erath, Texas",315
"Douglas, Illinois",315.2
"Lincoln, Wisconsin",315.3
"Ottawa, Ohio",315.3
"Archer, Texas",315.4
"Medina, Texas",315.4
"Warren, Missouri",315.6
"Dawson, Nebraska",315.9
"Flagler, Florida",315.9
"Osceola, Iowa",316
"Castro, Texas",316.1
"Auglaize, Ohio",316.2
"Crawford, Wisconsin",316.2
"Franklin, Vermont",316.3
"Leon, Florida",316.4
"Ford, Kansas",316.5
"Lewis and Clark, Montana",316.5
"Grant, Kansas",316.7
"Jasper, Illinois",316.8
"Broadwater, Montana",316.9
"Millard, Utah",316.9
"Carroll, Indiana",317
"Carlton, Minnesota",317.1
"Randall, Texas",317.2
"Washington, Illinois",317.3
"Barnes, North Dakota",317.4
"Highland, Virginia",317.4
"Camden, North Carolina",317.5
"Montgomery, Texas",317.6
"Sullivan, New Hampshire",317.6
"Wyandot, Ohio",317.6
"Sauk, Wisconsin",317.7
"Delta, Colorado",317.8
"Harvey, Kansas",317.8
"Monroe, Pennsylvania",317.8
"Kingman, Kansas",318
"Steuben, New York",318
"Mercer, Ohio",318.2
"Marquette, Michigan",318.3
"Montgomery, Virginia",318.4
"Cassia, Idaho",318.5
"Johnson, Indiana",318.6
"Beaver, Oklahoma",318.7
"Carson, Texas",318.8
"Lavaca, Texas",318.9
"Schuyler, New York",318.9
"Shelby, Alabama",318.9
"Culberson, Texas",319
"Griggs, North Dakota",319
"Union, New Mexico",319
"Williams, Ohio",319
"Dubois, Indiana",319.1
"Providence, Rhode Island",319.1
"Canyon, Idaho",319.2
"Renville, North Dakota",319.2
"Iron, Utah",319.3
"Grundy, Illinois",319.4
"Rawlins, Kansas",319.4
"Henderson, Illinois",319.6
"Coweta, Georgia",319.7
"Saunders, Nebraska",319.7
"Muscatine, Iowa",319.8
"Monroe, Indiana",320.2
"Calaveras, California",320.3
"Windham, Connecticut",320.4
"Menard, Illinois",320.6
"Perry, Missouri",320.7
"Tuolumne, California",320.7
"Wayne, Iowa",320.9
"Fayette, Iowa",321.2
"Polk, Iowa",321.3
"St. Louis, Missouri",321.3
"Wright, Iowa",321.3
"Ida, Iowa",321.4
"Lake, Oregon",321.4
"Pennington, South Dakota",321.4
"Wadena, Minnesota",321.4
"Dare, North Carolina",321.8
"Rensselaer, New York",321.9
"Columbia, Oregon",322.2
"Clinton, New York",322.3
"Lapeer, Michigan",322.3
"Hancock, Ohio",322.4
"Garrett, Maryland",322.5
"Poweshiek, Iowa",322.5
"Columbia, Washington",322.6
"Harlan, Nebraska",322.6
"Caldwell, Texas",322.7
"Lane, Oregon",323.1
"Portage, Ohio",323.3
"Black Hawk, Iowa",323.4
"Boyd, Nebraska",323.4
"Henderson, North Carolina",323.4
"Sherman, Oregon",323.4
"Austin, Texas",323.5
"Kent, Rhode Island",323.6
"Minnehaha, South Dakota",323.7
"Oxford, Maine",323.7
"Sweet Grass, Montana",323.7
"Morrill, Nebraska",324.1
"Charles Mix, South Dakota",324.2
"Inyo, California",324.3
"Coconino, Arizona",324.5
"Genesee, New York",324.5
"Ocean, New Jersey",324.5
"Douglas, South Dakota",324.6
"Baker, Georgia",324.7
"Fulton, Ohio",324.8
"Chesapeake City, Virginia",325
"Payette, Idaho",325.1
"New Hanover, North Carolina",325.2
"Palo Alto, Iowa",325.3
"Cole, Missouri",325.4
"Multnomah, Oregon",325.4
"Cass, Michigan",325.6
"Allegany, New York",325.7
"Racine, Wisconsin",325.7
"Rockdale, Georgia",325.7
"Shelby, Kentucky",325.7
"Blanco, Texas",325.8
"Valdez-Cordova, Alaska",325.8
"Spokane, Washington",325.9
"Val Verde, Texas",326.1
"Sanilac, Michigan",326.4
"Iowa, Wisconsin",326.5
"Pennington, Minnesota",326.5
"Crosby, Texas",326.8
"Rutland, Vermont",326.8
"Worcester, Maryland",326.8
"Dooly, Georgia",326.9
"Madison, Iowa",326.9
"Porter, Indiana",326.9
"Tillamook, Oregon",327
"Lenawee, Michigan",327.1
"O'Brien, Iowa",327.1
"Cherokee, Iowa",327.4
"Skamania, Washington",327.4
"Lee, Georgia",327.5
"Fredericksburg City, Virginia",327.6
"Linn, Oregon",327.6
"Orleans, New York",327.6
"Jackson, Oregon",327.7
"Clallam, Washington",328.1
"Amador, California",328.2
"Itasca, Minnesota",328.2
"Klickitat, Washington",328.2
"Posey, Indiana",328.3
"Brazoria, Texas",328.4
"Lake, Ohio",328.5
"Skagway-Hoonah-Angoon, Alaska",328.7
"Benton, Arkansas",328.8
"Goshen, Wyoming",328.9
"Jerome, Idaho",328.9
"Sussex, Delaware",329
"Webster, Georgia",329
"Windham, Vermont",329
"Parmer, Texas",329.3
"McPherson, Kansas",329.5
"Wayne, Ohio",330
"Pierce, Washington",330.1
"Dodge, Nebraska",330.2
"Spencer, Indiana",330.2
"Guilford, North Carolina",330.3
"Monongalia, West Virginia",330.3
"Wheeler, Georgia",330.3
"Butler, Nebraska",330.4
"Kalamazoo, Michigan",330.4
"Moore, North Carolina",330.4
"Harris, Texas",330.5
"Marion, Oregon",330.5
"Adams, Illinois",330.6
"Bowman, North Dakota",330.6
"Garfield, Utah",330.6
"Mercer, Illinois",330.6
"Williamsburg City, Virginia",330.7
"Bear Lake, Idaho",330.8
"Madison, Virginia",330.8
"Dakota, Nebraska",331
"Madera, California",331.1
"Phelps, Nebraska",331.1
"Vilas, Wisconsin",331.1
"Taos, New Mexico",331.2
"Bernalillo, New Mexico",331.3
"Moniteau, Missouri",331.3
"Bradford, Pennsylvania",331.4
"Van Wert, Ohio",331.5
"Jerauld, South Dakota",331.6
"Lee, Illinois",331.6
"Broome, New York",331.7
"Oglethorpe, Georgia",331.7
"Hall, Georgia",331.8
"Red Lake, Minnesota",331.8
"DeKalb, Georgia",331.9
"Lake, Florida",332.1
"McHenry, North Dakota",332.2
"Menominee, Michigan",332.2
"Kenai Peninsula, Alaska",332.4
"Cimarron, Oklahoma",332.5
"Dickinson, Michigan",332.5
"Westmoreland, Pennsylvania",332.5
"Oneida, New York",332.6
"Stephenson, Illinois",332.7
"Stutsman, North Dakota",332.7
"Weber, Utah",332.7
"Sacramento, California",332.8
"Manatee, Florida",332.9
"Elkhart, Indiana",333
"Grant, Washington",333
"Kings, California",333
"Marshall, Indiana",333
"Missaukee, Michigan",333.1
"Dorchester, South Carolina",333.2
"Tioga, Pennsylvania",333.2
"Calhoun, Iowa",333.4
"Pike, Illinois",333.4
"Allamakee, Iowa",333.5
"Douglas, Nebraska",333.5
"Saline, Nebraska",333.5
"Whitley, Indiana",333.5
"Schoolcraft, Michigan",333.6
"Tippecanoe, Indiana",333.6
"Becker, Minnesota",333.7
"Buchanan, Iowa",333.7
"Chenango, New York",333.7
"Richland, Montana",333.7
"Adams, Indiana",333.8
"Buncombe, North Carolina",333.9
"Baltimore, Maryland",334.2
"Davie, North Carolina",334.2
"Coryell, Texas",334.4
"Franklin, New York",334.5
"Union, Oregon",334.5
"Washington, Texas",334.6
"Butte, Idaho",334.7
"Montgomery, New York",334.7
"Seward, Kansas",334.7
"Brown, Indiana",334.8
"Clarke, Virginia",334.8
"Lincoln, Colorado",334.8
"Dona Ana, New Mexico",334.9
"Hampden, Massachusetts",334.9
"Miami, Ohio",334.9
"Adams, Colorado",335
"Grant, West Virginia",335
"Taylor, Iowa",335
"Henry, Iowa",335.1
"Ionia, Michigan",335.2
"St. Louis, Minnesota",335.3
"Cheyenne, Kansas",335.4
"Lincoln, New Mexico",335.4
"Washington, New York",335.7
"Hancock, Indiana",335.8
"Idaho, Idaho",335.8
"Tarrant, Texas",335.8
"Alachua, Florida",335.9
"Davis, Iowa",335.9
"Warren, Pennsylvania",336
"Clark, Kansas",336.2
"Durham, North Carolina",336.3
"Niobrara, Wyoming",336.4
"Pierce, North Dakota",336.5
"Edgefield, South Carolina",336.6
"Gem, Idaho",336.8
"Carroll, Ohio",336.9
"Waller, Texas",336.9
"Mesa, Colorado",337
"Potter, Pennsylvania",337
"Huntingdon, Pennsylvania",337.1
"Stanley, South Dakota",337.1
"Delaware, New York",337.2
"Lucas, Iowa",337.2
"Oswego, New York",337.2
"Howard, Missouri",337.4
"Reeves, Texas",337.4
"Pine, Minnesota",337.5
"Scott, Kentucky",337.5
"Thayer, Nebraska",337.5
"Campbell, Virginia",337.6
"Effingham, Illinois",337.6
"Beadle, South Dakota",337.7
"Wheeler, Oregon",337.7
"Dawes, Nebraska",338
"Marinette, Wisconsin",338
"Pima, Arizona",338
"Anchorage, Alaska",338.1
"Keith, Nebraska",338.1
"Antrim, Michigan",338.2
"Valley, Nebraska",338.2
"Somervell, Texas",338.3
"Indiana, Pennsylvania",338.4
"Kent, Maryland",338.4
"Bastrop, Texas",338.7
"Otsego, Michigan",338.7
"Fresno, California",338.8
"Pamlico, North Carolina",338.8
"Wayne, Pennsylvania",338.8
"Fulton, New York",338.9
"St. Lucie, Florida",338.9
"Jasper, Iowa",339
"Charles, Maryland",339.2
"Pawnee, Nebraska",339.3
"Tazewell, Illinois",339.4
"Elmore, Idaho",339.5
"Miami, Kansas",339.6
"Middlesex, Virginia",339.6
"Boundary, Idaho",339.8
"Gloucester, New Jersey",339.8
"Boone, Iowa",339.9
"Ellis, Texas",339.9
"Garza, Texas",339.9
"Northumberland, Virginia",339.9
"Luce, Michigan",340
"Oceana, Michigan",340.1
"San Bernardino, California",340.3
"Bedford, Pennsylvania",340.4
"Cook, Illinois",340.4
"Darke, Ohio",340.4
"Scott, Iowa",340.4
"Adair, Iowa",340.5
"Charlotte, Florida",340.5
"Culpeper, Virginia",340.5
"Osage, Kansas",340.6
"Cheyenne, Nebraska",340.8
"Leavenworth, Kansas",340.8
"Merced, California",340.8
"Logan, Illinois",340.9
"Nelson, North Dakota",340.9
"Lafayette, Missouri",341.3
"Owyhee, Idaho",341.3
"Sweetwater, Wyoming",341.3
"Burnet, Texas",341.4
"Defiance, Ohio",341.5
"Sitka, Alaska",341.6
"Greene, Iowa",341.7
"Habersham, Georgia",341.7
"Hood, Texas",341.7
"Ingham, Michigan",341.7
"Cape Girardeau, Missouri",341.8
"Jefferson, New York",341.8
"Cumberland, Illinois",341.9
"Gilmer, West Virginia",342.4
"Huron, Michigan",342.5
"Asotin, Washington",342.9
"Chariton, Missouri",342.9
"Fayette, Kentucky",342.9
"Ringgold, Iowa",342.9
"Mecosta, Michigan",343.1
"Moore, Tennessee",343.2
"Spink, South Dakota",343.2
"Traverse, Minnesota",343.2
"Columbia, Pennsylvania",343.3
"Franklin, Virginia",343.3
"Bexar, Texas",343.6
"Delta, Michigan",343.8
"Orleans, Vermont",343.8
"Washakie, Wyoming",343.8
"Ascension, Louisiana",343.9
"Ramsey, North Dakota",344
"Lake, Montana",344.3
"Ste. Genevieve, Missouri",344.4
"Knox, Nebraska",344.5
"Lassen, California",344.5
"Jackson, North Carolina",344.8
"Wilson, Tennessee",344.8
"Floyd, Texas",345
"Rock, Wisconsin",345.1
"Hillsborough, Florida",345.2
"Okaloosa, Florida",345.3
"Louisa, Virginia",345.4
"Morton, North Dakota",345.4
"Fulton, Pennsylvania",345.5
"Bingham, Idaho",345.6
"Juneau, Wisconsin",345.6
"Bullitt, Kentucky",345.8
"Henry, Ohio",345.8
"Lincoln, Nebraska",345.8
"Emmet, Iowa",345.9
"Marquette, Wisconsin",345.9
"Chautauqua, New York",346
"San Saba, Texas",346
"Greenlee, Arizona",346.1
"Yavapai, Arizona",346.1
"Cabarrus, North Carolina",346.2
"Chase, Nebraska",346.3
"Essex, Vermont",346.3
"Tuscarawas, Ohio",346.4
"Houston, Georgia",346.5
"Monroe, Ohio",346.6
"Glenn, California",346.7
"Malheur, Oregon",346.7
"Catoosa, Georgia",346.8
"Montour, Pennsylvania",346.9
"Beaver, Utah",347.2
"Charleston, South Carolina",347.2
"Yakima, Washington",347.2
"DeSoto, Florida",347.3
"Valley, Montana",347.3
"Audrain, Missouri",347.4
"Jefferson, Nebraska",347.4
"Osceola, Michigan",347.4
"Craig, Virginia",347.5
"Clatsop, Oregon",347.6
"New Castle, Delaware",347.6
"Starr, Texas",347.6
"Twin Falls, Idaho",347.7
"Hillsdale, Michigan",347.8
"Jones, Georgia",347.9
"Swisher, Texas",347.9
"Dauphin, Pennsylvania",348
"Lorain, Ohio",348
"Parker, Texas",348
"Camden, Missouri",348.1
"Allen, Indiana",348.2
"Caroline, Virginia",348.2
"Prince George's, Maryland",348.2
"Douglas, Missouri",348.3
"Eureka, Nevada",348.3
"Pershing, Nevada",348.3
"Elk, Pennsylvania",348.4
"Shelby, Ohio",348.4
"Custer, Idaho",348.6
"Moultrie, Illinois",348.8
"Somerset, Pennsylvania",348.8
"Erie, New York",348.9
"Fayette, Illinois",348.9
"Burt, Nebraska",349
"Cleveland, Oklahoma",349
"Sheridan, Wyoming",349
"Sutter, California",349.1
"Kosciusko, Indiana",349.2
"Oldham, Texas",349.2
"St. Tammany, Louisiana",349.3
"Dallas, Texas",349.4
"Licking, Ohio",349.4
"Cass, Missouri",349.6
"Macoupin, Illinois",349.7
"Colfax, New Mexico",349.8
"Deuel, Nebraska",350
"Kennebec, Maine",350
"Bailey, Texas",350.1
"Whiteside, Illinois",350.1
"Monroe, Wisconsin",350.2
"Fayette, Tennessee",350.3
"Dickinson, Kansas",350.4
"Clay, Florida",350.5
"Richardson, Nebraska",350.6
"Isabella, Michigan",350.9
"Jackson, Iowa",350.9
"Lumpkin, Georgia",350.9
"Gratiot, Michigan",351
"Tooele, Utah",351.1
"Fergus, Montana",351.2
"Tuscola, Michigan",351.2
"Cameron, Pennsylvania",351.3
"Midland, Texas",351.3
"Orange, Virginia",351.4
"Yellowstone, Montana",351.4
"Lycoming, Pennsylvania",351.6
"Sherman, Kansas",351.6
"Crane, Texas",351.8
"Live Oak, Texas",351.8
"Saline, Arkansas",351.8
"Mifflin, Pennsylvania",351.9
"Mitchell, Kansas",351.9
"Charlottesville City, Virginia",352
"Macomb, Michigan",352
"Adams, Wisconsin",352.7
"Allegheny, Pennsylvania",352.7
"Willacy, Texas",352.7
"Clarke, Georgia",352.8
"Garden, Nebraska",352.9
"Golden Valley, North Dakota",352.9
"Granville, North Carolina",353.1
"Greene, North Carolina",353.1
"Mason, Washington",353.1
"Williams, North Dakota",353.2
"Merrick, Nebraska",353.6
"Niagara, New York",353.6
"San Juan, Utah",353.6
"Delaware, Pennsylvania",353.7
"Stanislaus, California",353.8
"Barton, Missouri",354.1
"Baraga, Michigan",354.2
"Isle of Wight, Virginia",354.2
"Monroe, Florida",354.2
"Rogers, Oklahoma",354.2
"Gogebic, Michigan",354.3
"Carbon, Wyoming",354.4
"Douglas, Wisconsin",354.4
"Erie, Ohio",354.4
"Logan, Oklahoma",354.4
"Morrow, Ohio",354.4
"Ottawa, Kansas",354.4
"Woodbury, Iowa",354.6
"Stevens, Washington",354.8
"Essex, New Jersey",355.1
"King and Queen, Virginia",355.1
"Lyon, Kansas",355.1
"Mendocino, California",355.1
"Louisa, Iowa",355.2
"Norman, Minnesota",355.6
"Cochise, Arizona",355.9
"Susquehanna, Pennsylvania",355.9
"Matanuska-Susitna, Alaska",356
"Canadian, Oklahoma",356.1
"Cumberland, Virginia",356.1
"Sac, Iowa",356.1
"Cascade, Montana",356.2
"Cheboygan, Michigan",356.2
"Montezuma, Colorado",356.2
"Ontonagon, Michigan",356.2
"Ralls, Missouri",356.3
"Lamar, Mississippi",356.4
"Tulare, California",356.5
"Waupaca, Wisconsin",356.5
"Sumner, Tennessee",356.7
"Butte, South Dakota",356.8
"Minidoka, Idaho",356.9
"Clinton, Pennsylvania",357.1
"Osage, Missouri",357.3
"Union, Iowa",357.3
"Greene, Illinois",357.4
"Weston, Wyoming",357.4
"Clark, Nevada",357.5
"Lee, Alabama",357.5
"Mercer, Pennsylvania",357.5
"Penobscot, Maine",357.5
"Washoe, Nevada",357.5
"Butler, Kansas",357.7
"Crook, Wyoming",357.7
"Decatur, Indiana",357.7
"Jefferson, West Virginia",357.7
"Clarion, Pennsylvania",357.8
"Seneca, Ohio",358
"Washington, Arkansas",358
"Woodford, Kentucky",358.3
"Clarke, Iowa",358.4
"Iron, Wisconsin",358.4
"Kearney, Nebraska",358.4
"St. Lawrence, New York",358.5
"Erie, Pennsylvania",358.6
"Tipton, Indiana",358.6
"Renville, Minnesota",358.7
"Cortland, New York",358.8
"Sangamon, Illinois",358.8
"Tehama, California",358.8
"Henry, Georgia",358.9
"Stark, Ohio",358.9
"Washington, Maryland",359
"Gage, Nebraska",359.3
"Monroe, Michigan",359.4
"Dundy, Nebraska",359.5
"Forsyth, North Carolina",359.5
"Putnam, West Virginia",359.5
"Rutherford, Tennessee",359.5
"Franklin, Kansas",359.6
"Madison, Texas",359.7
"San Joaquin, California",359.7
"Jessamine, Kentucky",359.9
"Johnson, Missouri",360
"Texas, Oklahoma",360.1
"Fulton, Georgia",360.2
"Kankakee, Illinois",360.4
"Androscoggin, Maine",360.5
"Brunswick, North Carolina",360.5
"Box Butte, Nebraska",360.7
"Dorchester, Maryland",360.7
"Elko, Nevada",360.7
"Baldwin, Alabama",360.8
"Dixon, Nebraska",360.8
"Lipscomb, Texas",360.9
"Dearborn, Indiana",361
"Santa Rosa, Florida",361.1
"Alpena, Michigan",361.2
"York, South Carolina",361.2
"Moffat, Colorado",361.3
"Tucker, West Virginia",361.3
"Ashland, Ohio",361.4
"Denver, Colorado",361.4
"Osborne, Kansas",361.4
"Chemung, New York",361.5
"Greenville, South Carolina",361.5
"Cass, Indiana",361.7
"Shelby, Missouri",361.8
"Tripp, South Dakota",361.9
"Washington, Idaho",361.9
"La Salle, Texas",362
"Pendleton, West Virginia",362.1
"Haywood, North Carolina",362.3
"Webster, Missouri",362.3
"Perquimans, North Carolina",362.8
"Ashland, Wisconsin",362.9
"Big Horn, Wyoming",363.1
"Bronx, New York",363.1
"Gloucester, Virginia",363.1
"Uinta, Wyoming",363.3
"Franklin, Texas",363.4
"LaSalle, Illinois",363.5
"Okanogan, Washington",363.5
"Rock Island, Illinois",363.6
"Waushara, Wisconsin",363.7
"Butler, Ohio",363.8
"Bartholomew, Indiana",363.9
"Gibson, Indiana",363.9
"Jackson, Michigan",363.9
"Brule, South Dakota",364
"Dawson, Georgia",364.1
"Lewis, Washington",364.1
"Marshall, Iowa",364.2
"Montmorency, Michigan",364.2
"Montcalm, Michigan",364.3
"Nassau, Florida",364.3
"Bay, Michigan",364.4
"Franklin, Indiana",364.5
"Richland, Illinois",364.5
"Holt, Missouri",364.6
"Polk, Florida",364.6
"Dallas, Missouri",364.8
"King William, Virginia",364.8
"Valencia, New Mexico",364.8
"Douglas, Georgia",364.9
"Washington, Ohio",365
"Nemaha, Nebraska",365.1
"Armstrong, Pennsylvania",365.2
"Beaver, Pennsylvania",365.2
"Republic, Kansas",365.2
"Lyon, Kentucky",365.3
"Goliad, Texas",365.4
"Worth, Iowa",365.6
"Decatur, Iowa",365.7
"Umatilla, Oregon",365.7
"Fremont, Colorado",365.8
"McCormick, South Carolina",365.9
"White, Georgia",366
"Des Moines, Iowa",366.2
"Victoria, Texas",366.2
"Ferry, Washington",366.3
"Buckingham, Virginia",366.4
"Clearfield, Pennsylvania",366.4
"Camden, Georgia",366.6
"Ripley, Indiana",366.6
"Southeast Fairbanks, Alaska",366.7
"Anderson, Kansas",366.8
"Lincoln, Louisiana",366.8
"Clearwater, Minnesota",366.9
"Hart, Georgia",366.9
"Lexington, South Carolina",366.9
"Clay, North Carolina",367
"Clinton, Iowa",367.1
"Union, Georgia",367.2
"Phillips, Kansas",367.3
"Camden, New Jersey",367.4
"Gentry, Missouri",367.4
"Campbell, Wyoming",367.5
"Cape May, New Jersey",367.5
"Madison, Alabama",367.5
"Perry, Indiana",367.6
"Plumas, California",367.8
"Scotts Bluff, Nebraska",367.9
"Wyoming, Pennsylvania",367.9
"Berkeley, South Carolina",368
"Cass, Minnesota",368
"Presque Isle, Michigan",368
"Pike, Missouri",368.1
"Greene, New York",368.3
"Wahkiakum, Washington",368.3
"Juab, Utah",368.4
"Mille Lacs, Minnesota",368.4
"Crawford, Pennsylvania",368.5
"Laramie, Wyoming",368.5
"Blair, Pennsylvania",368.6
"Clay, South Dakota",368.7
"Duplin, North Carolina",368.9
"Monroe, Georgia",368.9
"Allegany, Maryland",369
"Morgan, Colorado",369
"Brevard, Florida",369.1
"Baker, Oregon",369.2
"Highlands, Florida",369.2
"Throckmorton, Texas",369.2
"Walworth, South Dakota",369.3
"Galveston, Texas",369.4
"Uintah, Utah",369.4
"Colonial Heights City, Virginia",369.5
"Fillmore, Nebraska",369.5
"Dickens, Texas",369.6
"Crawford, Illinois",369.8
"Lafayette, Mississippi",369.8
"Grundy, Missouri",370
"Hardee, Florida",370
"Bell, Texas",370.1
"Oktibbeha, Mississippi",370.2
"Summit, Ohio",370.2
"Craven, North Carolina",370.4
"Jim Hogg, Texas",370.5
"Macon, Illinois",370.5
"Warren, North Carolina",370.5
"Kenosha, Wisconsin",370.6
"Pottawattamie, Iowa",370.6
"Jefferson, Oregon",370.9
"Coke, Texas",371.1
"Washington, Maine",371.1
"Chambers, Texas",371.2
"Clermont, Ohio",371.3
"Jackson, Kansas",371.3
"Taney, Missouri",371.3
"Jefferson, Kansas",371.5
"Loudon, Tennessee",371.6
"Sandusky, Ohio",371.6
"Sherman, Texas",371.7
"Wells, North Dakota",371.7
"Manistee, Michigan",371.9
"Allen, Ohio",372
"Alleghany, North Carolina",372.1
"Walton, Florida",372.1
"Bee, Texas",372.2
"Cowlitz, Washington",372.2
"Hill, Montana",372.2
"Wicomico, Maryland",372.2
"Graham, Arizona",372.3
"Knox, Missouri",372.3
"Peoria, Illinois",372.3
"Washington, North Carolina",372.4
"Adair, Missouri",372.6
"Saline, Kansas",372.7
"Southampton, Virginia",372.7
"Wagoner, Oklahoma",372.7
"Adair, Kentucky",372.8
"Hamilton, Kansas",372.8
"Yoakum, Texas",372.8
"Richland, South Carolina",372.9
"Sawyer, Wisconsin",372.9
"Washington, Pennsylvania",372.9
"Converse, Wyoming",373
"Iredell, North Carolina",373
"Carteret, North Carolina",373.1
"Polk, Minnesota",373.2
"Cattaraugus, New York",373.3
"Faulkner, Arkansas",373.3
"Greene, Georgia",373.5
"Lincoln, North Carolina",373.5
"McKean, Pennsylvania",373.5
"Pocahontas, West Virginia",373.5
"Deaf Smith, Texas",373.7
"Yadkin, North Carolina",373.8
"Coos, New Hampshire",374
"Sanders, Montana",374
"Lampasas, Texas",374.1
"Branch, Michigan",374.3
"Gilliam, Oregon",374.3
"Linn, Kansas",374.4
"Atlantic, New Jersey",374.5
"Chase, Kansas",374.5
"Coshocton, Ohio",374.5
"Callaway, Missouri",374.6
"Parke, Indiana",374.6
"Bond, Illinois",374.7
"Haines, Alaska",374.7
"Onslow, North Carolina",374.7
"Edmonson, Kentucky",374.8
"Sedgwick, Kansas",374.8
"Pinellas, Florida",374.9
"Hale, Texas",375
"Wise, Texas",375
"Shiawassee, Michigan",375.1
"Schuyler, Missouri",375.2
"Shawnee, Kansas",375.2
"Kit Carson, Colorado",375.4
"Aroostook, Maine",375.5
"Upshur, West Virginia",375.5
"St. Joseph, Indiana",375.6
"Guadalupe, New Mexico",375.7
"Hemphill, Texas",375.7
"Pender, North Carolina",375.7
"St. Charles, Louisiana",375.7
"Winnebago, Illinois",375.9
"Doddridge, West Virginia",376.4
"Iron, Michigan",376.5
"Payne, Oklahoma",376.5
"Alamance, North Carolina",376.6
"Northumberland, Pennsylvania",376.7
"Calhoun, Texas",376.9
"Hendry, Florida",376.9
"Sevier, Utah",376.9
"Owen, Indiana",377.2
"Beltrami, Minnesota",377.3
"Jefferson, Pennsylvania",377.4
"Somerset, Maine",377.4
"Washington, Kentucky",377.5
"Hardy, West Virginia",377.7
"Irion, Texas",377.7
"Jasper, Indiana",377.7
"Hamilton, New York",377.8
"Bannock, Idaho",378
"Morris, Kansas",378
"Ashe, North Carolina",378.1
"Tom Green, Texas",378.1
"Uvalde, Texas",378.1
"Dimmit, Texas",378.4
"Carroll, Illinois",378.5
"Marion, West Virginia",378.5
"Cloud, Kansas",378.7
"Kerr, Texas",379
"Lincoln, Oregon",379.1
"Scott, Illinois",379.1
"DeKalb, Missouri",379.2
"Gooding, Idaho",379.2
"Hot Springs, Wyoming",379.4
"Edwards, Texas",379.5
"Lemhi, Idaho",379.5
"Berrien, Michigan",379.6
"Huntington, Indiana",379.6
"Pitt, North Carolina",379.6
"Lander, Nevada",379.7
"Mason, Michigan",379.9
"Randolph, Illinois",379.9
"Smith, Texas",379.9
"Van Buren, Michigan",380.2
"Perry, Illinois",380.3
"Gaines, Texas",380.4
"Chowan, North Carolina",380.5
"Emery, Utah",380.6
"Ford, Illinois",380.6
"Kern, California",380.7
"DeWitt, Texas",380.8
"Fall River, South Dakota",380.9
"Wexford, Michigan",380.9
"Morgan, Georgia",381
"Page, Iowa",381
"Huron, Ohio",381.1
"Pecos, Texas",381.1
"Boone, Arkansas",381.2
"Spencer, Kentucky",381.2
"Chatham, Georgia",381.4
"Garrard, Kentucky",381.4
"DeKalb, Indiana",381.5
"Nueces, Texas",381.7
"Ellsworth, Kansas",381.9
"Saline, Missouri",382
"St. James, Louisiana",382
"Hampton City, Virginia",382.3
"Madison, Illinois",382.5
"Noble, Indiana",382.6
"Wayne, Illinois",382.6
"Muskegon, Michigan",383
"Pawnee, Kansas",383.1
"Wakulla, Florida",383.1
"Wasco, Oregon",383.2
"Burke, North Dakota",383.3
"Lincoln, Montana",383.3
"Nelson, Virginia",383.4
"Lane, Kansas",383.6
"Plaquemines, Louisiana",383.7
"Greene, Missouri",383.8
"Jackson, Illinois",383.9
"Pulaski, Georgia",384
"Mineral, Montana",384.1
"St. Clair, Michigan",384.2
"Clayton, Georgia",384.6
"Johnston, North Carolina",384.8
"Logan, Ohio",384.8
"Champaign, Ohio",384.9
"Effingham, Georgia",385.1
"Perry, Pennsylvania",385.4
"White, Indiana",385.4
"Kent, Delaware",385.5
"Lawrence, Pennsylvania",385.5
"Sullivan, New York",385.5
"Comanche, Texas",385.6
"Morgan, Ohio",385.6
"Franklin, Ohio",385.7
"Currituck, North Carolina",385.8
"Morgan, Indiana",385.8
"Cuyahoga, Ohio",385.9
"DeSoto, Mississippi",386
"Gregory, South Dakota",386
"McCook, South Dakota",386
"Miami, Indiana",386.2
"Moore, Texas",386.2
"Daviess, Indiana",386.5
"Harrison, Indiana",386.5
"Bossier, Louisiana",386.7
"Pickett, Tennessee",386.7
"McIntosh, Georgia",386.8
"Rankin, Mississippi",387.1
"Franklin, North Carolina",387.3
"Kingfisher, Oklahoma",387.3
"Montgomery, Indiana",387.3
"Butte, California",387.6
"Phillips, Montana",387.6
"Douglas, Oregon",387.7
"Montgomery, Illinois",387.7
"Cooke, Texas",387.8
"Saluda, South Carolina",387.9
"Macon, North Carolina",388.1
"Lynchburg City, Virginia",388.2
"Sierra, California",388.2
"Lafayette, Louisiana",388.3
"Richland, Ohio",388.3
"Jackson, Texas",388.4
"Livingston, Illinois",388.4
"Aiken, South Carolina",388.5
"Knox, Texas",388.5
"Worth, Missouri",388.5
"Randolph, Indiana",388.8
"Wabash, Indiana",389.3
"Logan, Kansas",389.4
"Jackson, West Virginia",389.5
"Josephine, Oregon",389.5
"Ketchikan Gateway, Alaska",389.6
"Ochiltree, Texas",389.6
"Lackawanna, Pennsylvania",389.7
"Hamilton, Tennessee",389.8
"Montgomery, Tennessee",389.8
"Crawford, Michigan",390
"Carroll, Virginia",390.1
"Floyd, Indiana",390.1
"Glynn, Georgia",390.1
"Stafford, Kansas",390.1
"Bourbon, Kentucky",390.2
"Avery, North Carolina",390.4
"Nelson, Kentucky",390.4
"Natrona, Wyoming",390.5
"Columbiana, Ohio",390.6
"Curry, New Mexico",390.7
"Blount, Tennessee",390.8
"Lincoln, Missouri",390.9
"Harney, Oregon",391.2
"Johnson, Texas",391.2
"Armstrong, Texas",391.4
"Osage, Oklahoma",391.4
"Prairie, Montana",391.4
"Warren, Virginia",391.4
"Choctaw, Mississippi",391.5
"Westmoreland, Virginia",391.6
"Saginaw, Michigan",391.7
"Pickens, Georgia",391.8
"Hardin, Kentucky",391.9
"Marion, Missouri",392
"Pasquotank, North Carolina",392.1
"Paulding, Ohio",392.3
"Chaves, New Mexico",392.4
"Colorado, Texas",392.4
"Ziebach, South Dakota",392.4
"Somerset, Maryland",392.5
"Wichita, Kansas",392.5
"Reno, Kansas",392.6
"Scotland, Missouri",392.6
"Neosho, Kansas",392.9
"Matagorda, Texas",393
"Lawrence, Missouri",393.1
"Monona, Iowa",393.1
"Towner, North Dakota",393.1
"Suffolk City, Virginia",393.2
"Venango, Pennsylvania",393.3
"Grant, New Mexico",393.4
"Lee, Iowa",393.4
"Putnam, Missouri",393.4
"Warren, Kentucky",393.4
"West Baton Rouge, Louisiana",393.4
"Shackelford, Texas",393.5
"Morgan, Illinois",393.7
"Brooks, Georgia",393.8
"Morgan, West Virginia",393.9
"St. Joseph, Michigan",393.9
"Morton, Kansas",394.2
"Webster, Iowa",394.2
"Cambria, Pennsylvania",394.3
"San Juan, New Mexico",394.3
"Siskiyou, California",394.3
"Cecil, Maryland",394.5
"Hamilton, Ohio",394.6
"Montgomery, Arkansas",394.6
"Humboldt, California",394.7
"Lancaster, Virginia",394.7
"Nance, Nebraska",394.7
"Barton, Kansas",394.9
"Franklin, Nebraska",395.1
"Long, Georgia",395.1
"Jersey, Illinois",395.2
"Alexander, North Carolina",395.3
"Walker, Texas",395.3
"Telfair, Georgia",395.6
"Horry, South Carolina",395.8
"Randolph, North Carolina",395.9
"Sullivan, Missouri",396
"Fulton, Illinois",396.1
"Franklin, Missouri",396.3
"Limestone, Alabama",396.3
"Yancey, North Carolina",396.3
"Coles, Illinois",396.5
"Luzerne, Pennsylvania",396.5
"Carbon, Pennsylvania",396.7
"Appomattox, Virginia",396.8
"Lyon, Nevada",396.8
"Pend Oreille, Washington",396.8
"Hidalgo, New Mexico",396.9
"Jack, Texas",396.9
"Lincoln, Kansas",396.9
"McLennan, Texas",396.9
"Preble, Ohio",396.9
"Titus, Texas",396.9
"Marion, Florida",397
"Navarro, Texas",397
"Woods, Oklahoma",397
"Pocahontas, Iowa",397.1
"Wharton, Texas",397.2
"Marshall, West Virginia",397.3
"Otero, New Mexico",397.3
"Pulaski, Indiana",397.3
"Lewis, Missouri",397.6
"Clinton, Missouri",397.8
"Hitchcock, Nebraska",397.8
"Hancock, Georgia",397.9
"Mineral, West Virginia",397.9
"Marshall, Illinois",398
"Newport News City, Virginia",398
"Pasco, Florida",398.1
"Grand, Utah",398.2
"Marshall, South Dakota",398.2
"Coffee, Alabama",398.4
"Person, North Carolina",398.5
"Kaufman, Texas",398.6
"Barber, Kansas",398.7
"Lake, Michigan",398.7
"Perry, Arkansas",398.7
"Putnam, Indiana",398.8
"Amelia, Virginia",398.9
"Cumberland, New Jersey",398.9
"Green, Kentucky",399
"Crawford, Georgia",399.1
"Miller, Missouri",399.2
"Prince Edward, Virginia",399.3
"Daviess, Kentucky",399.7
"Harrison, Iowa",399.7
"Milwaukee, Wisconsin",399.7
"Appanoose, Iowa",400
"Falls, Texas",400
"Bracken, Kentucky",400.1
"Macon, Missouri",400.2
"Madison, Arkansas",400.2
"Pettis, Missouri",400.2
"Charlton, Georgia",400.4
"McDowell, North Carolina",400.4
"Nez Perce, Idaho",400.4
"Alamosa, Colorado",400.5
"Harper, Oklahoma",400.5
"Klamath, Oregon",400.6
"Lunenburg, Virginia",400.6
"Costilla, Colorado",400.7
"Dinwiddie, Virginia",400.9
"Stanly, North Carolina",400.9
"Georgetown, South Carolina",401
"Kleberg, Texas",401
"McLean, North Dakota",401
"Salem, New Jersey",401
"Preston, West Virginia",401.1
"Atchison, Missouri",401.7
"Frio, Texas",401.7
"Benton, Indiana",401.8
"Caroline, Maryland",401.8
"Newaygo, Michigan",401.8
"Prowers, Colorado",401.9
"Putnam, Tennessee",402.2
"Campbell, Kentucky",402.4
"Carson City, Nevada",402.4
"Calhoun, Georgia",402.5
"Livingston, Missouri",402.7
"Smith, Kansas",402.7
"Jefferson, Louisiana",402.8
"Piscataquis, Maine",402.8
"Volusia, Florida",402.8
"Christian, Illinois",403.2
"Washington, Georgia",403.2
"West Feliciana, Louisiana",403.2
"Catawba, North Carolina",403.3
"Milam, Texas",403.3
"Jasper, Georgia",403.4
"Madison, Kentucky",403.5
"Adams, Iowa",403.6
"Washington, Oklahoma",403.6
"Pope, Arkansas",403.7
"Rooks, Kansas",403.7
"Piute, Utah",403.8
"Amite, Mississippi",403.9
"Noble, Oklahoma",403.9
"Powell, Montana",404
"Harnett, North Carolina",404.1
"Houston, Alabama",404.1
"Clark, Illinois",404.2
"Pontotoc, Mississippi",404.2
"Banks, Georgia",404.3
"Linn, Missouri",404.3
"Wapello, Iowa",404.5
"Abbeville, South Carolina",404.6
"Knox, Tennessee",404.7
"Davidson, North Carolina",404.8
"Madison, Ohio",404.8
"Greenwood, South Carolina",404.9
"Randolph, West Virginia",405.1
"Stokes, North Carolina",405.2
"Musselshell, Montana",405.3
"Madison, Tennessee",405.5
"Cass, Iowa",405.6
"Washington, Virginia",405.6
"Oregon, Missouri",405.8
"Carroll, Missouri",406
"Howard, Indiana",406.1
"Elmore, Alabama",406.2
"Wilkes, North Carolina",406.2
"Hancock, Kentucky",406.3
"Larue, Kentucky",406.3
"Wythe, Virginia",406.3
"Montgomery, North Carolina",406.4
"Hancock, Mississippi",406.6
"Jefferson, Missouri",406.6
"Clay, Texas",406.7
"Fremont, Iowa",406.7
"Whitfield, Georgia",406.7
"Knox, Ohio",406.8
"District of Columbia, District of Columbia",406.9
"Roger Mills, Oklahoma",407
"Rosebud, Montana",407
"Pittsylvania, Virginia",407.1
"Berkeley, West Virginia",407.3
"Dallam, Texas",407.3
"Pickaway, Ohio",407.4
"St. Martin, Louisiana",407.4
"Edgar, Illinois",407.5
"Union, Illinois",407.5
"Williamson, Illinois",407.5
"Lamb, Texas",407.6
"Mahoning, Ohio",407.6
"North Slope, Alaska",407.8
"Shelby, Indiana",407.8
"Bulloch, Georgia",407.9
"Newton, Missouri",408.1
"Cass, Illinois",408.2
"Van Buren, Arkansas",408.2
"Clay, Indiana",408.3
"Marion, Ohio",408.5
"Trumbull, Ohio",408.5
"Forest, Wisconsin",408.6
"Geary, Kansas",408.6
"Davidson, Tennessee",408.7
"Pike, Georgia",408.8
"Jackson, Georgia",408.9
"Hockley, Texas",409
"Maries, Missouri",409
"Schley, Georgia",409.2
"Mitchell, North Carolina",409.4
"Knox, Indiana",409.5
"Orange, Indiana",409.5
"Barbour, West Virginia",409.6
"Baldwin, Georgia",409.7
"Union, Indiana",409.7
"Bollinger, Missouri",409.8
"Clinton, Indiana",409.8
"Lake, Indiana",409.8
"Fannin, Georgia",410
"Washburn, Wisconsin",410.1
"Hocking, Ohio",410.3
"Barren, Kentucky",410.6
"Rains, Texas",410.6
"Rice, Kansas",410.6
"Jones, Texas",410.7
"Curry, Oregon",410.9
"Boyle, Kentucky",411
"Putnam, Georgia",411
"Hill, Texas",411.1
"Lubbock, Texas",411.1
"Pueblo, Colorado",411.1
"Hernando, Florida",411.4
"Burleson, Texas",411.7
"Childress, Texas",411.8
"Gonzales, Texas",412
"Liberty, Georgia",412
"Schuylkill, Pennsylvania",412
"Daviess, Missouri",412.1
"Llano, Texas",412.3
"Martin, Indiana",412.6
"Mills, Iowa",412.6
"Lancaster, South Carolina",412.8
"Hampshire, West Virginia",412.9
"Lafourche, Louisiana",412.9
"Maury, Tennessee",413.1
"Franklin, Kentucky",413.2
"Atchison, Kansas",413.5
"Lee, North Carolina",413.5
"Lincoln, Idaho",413.6
"Pratt, Kansas",413.6
"Crawford, Ohio",413.7
"Carroll, Arkansas",413.8
"Elliott, Kentucky",413.8
"Roosevelt, New Mexico",413.9
"Kenton, Kentucky",414
"Oconee, South Carolina",414.1
"McClain, Oklahoma",414.2
"Meade, Kentucky",414.2
"Wood, West Virginia",414.2
"Atascosa, Texas",414.3
"Modoc, California",414.4
"Grady, Georgia",414.5
"Hamilton, Texas",414.5
"Vanderburgh, Indiana",414.5
"Dawson, Texas",414.6
"Freestone, Texas",414.7
"Gulf, Florida",414.7
"Hyde, North Carolina",414.7
"Knox, Illinois",414.7
"Sherman, Nebraska",414.7
"Calloway, Kentucky",414.8
"Mitchell, Texas",414.8
"Lowndes, Mississippi",415
"Sevier, Tennessee",415.2
"Wayne, Indiana",415.2
"Surry, North Carolina",415.3
"Lucas, Ohio",415.4
"Ohio, West Virginia",415.4
"Rabun, Georgia",415.4
"St. Clair, Illinois",415.4
"Gladwin, Michigan",415.5
"LaPorte, Indiana",415.5
"Rusk, Wisconsin",415.5
"Coos, Oregon",415.6
"Union, Mississippi",415.9
"Jackson, Missouri",416.2
"Montgomery, Missouri",416.3
"Calhoun, South Carolina",416.6
"Worth, Georgia",416.9
"Lexington City, Virginia",417.1
"Lincoln, Georgia",417.1
"Pickens, South Carolina",417.2
"Pointe Coupee, Louisiana",417.2
"Humboldt, Nevada",417.4
"Randolph, Missouri",417.4
"Arenac, Michigan",417.7
"Gates, North Carolina",417.7
"Ogemaw, Michigan",417.7
"Platte, Wyoming",417.7
"Scott, Kansas",417.9
"Ray, Missouri",418
"Alfalfa, Oklahoma",418.1
"Beaufort, North Carolina",418.1
"Clay, Illinois",418.2
"Page, Virginia",418.2
"Perry, Ohio",418.2
"Harrison, Missouri",418.3
"Torrance, New Mexico",418.3
"Belmont, Ohio",418.4
"Jefferson, Kentucky",418.5
"San Patricio, Texas",418.6
"Yuba, California",418.6
"Cooper, Missouri",418.7
"Mercer, Missouri",418.8
"Phelps, Missouri",419.1
"Pike, Indiana",419.4
"Guernsey, Ohio",419.5
"Pleasants, West Virginia",419.8
"Wabaunsee, Kansas",419.8
"Bartow, Georgia",419.9
"Greer, Oklahoma",419.9
"Kalkaska, Michigan",419.9
"Staunton City, Virginia",419.9
"Muskingum, Ohio",420.1
"Newton, Indiana",420.3
"Shannon, Missouri",420.4
"Montgomery, Alabama",420.6
"Twiggs, Georgia",420.8
"Cheyenne, Colorado",421.1
"Iroquois, Illinois",421.2
"Marion, Georgia",421.2
"Kemper, Mississippi",421.3
"Vernon, Louisiana",421.3
"Chautauqua, Kansas",421.4
"Tulsa, Oklahoma",421.4
"Bradley, Tennessee",421.6
"Franklin, Florida",421.6
"Washington, Tennessee",421.7
"Greene, Pennsylvania",421.9
"Jefferson, Florida",422
"Anderson, Kentucky",422.1
"Johnson, Tennessee",422.1
"Vermilion, Louisiana",422.1
"Laclede, Missouri",422.2
"Alcona, Michigan",422.4
"Radford City, Virginia",422.6
"Conejos, Colorado",422.7
"Richmond, Virginia",422.7
"Bourbon, Kansas",422.9
"Grayson, Virginia",422.9
"Roscommon, Michigan",422.9
"Gasconade, Missouri",423
"Zavala, Texas",423
"Clearwater, Idaho",423.2
"Brunswick, Virginia",423.3
"Wilson, Kansas",423.3
"Wilson, North Carolina",423.3
"Dade, Missouri",423.4
"McKenzie, North Dakota",423.4
"Lafayette, Florida",423.7
"Lincoln, Arkansas",423.8
"Taylor, West Virginia",423.8
"Texas, Missouri",423.8
"Hardin, Ohio",423.9
"Bosque, Texas",424
"Grays Harbor, Washington",424
"Buchanan, Missouri",424.1
"Pulaski, Missouri",424.1
"Henderson, Kentucky",424.4
"Carroll, Mississippi",424.5
"Luna, New Mexico",424.5
"Andrews, Texas",424.6
"Duval, Florida",424.6
"East Baton Rouge, Louisiana",424.7
"Ashtabula, Ohio",424.8
"Edwards, Kansas",424.8
"Kearny, Kansas",424.8
"Montgomery, Ohio",424.8
"Taylor, Texas",424.8
"Tipton, Tennessee",425
"Comanche, Oklahoma",425.2
"Edwards, Illinois",425.2
"Drew, Arkansas",425.3
"Lewis, Tennessee",425.3
"Dunn, North Dakota",425.5
"Bay, Florida",425.6
"Newton, Georgia",425.8
"Barrow, Georgia",426
"Trigg, Kentucky",426.2
"Caribou, Idaho",426.3
"Cleburne, Arkansas",426.3
"Crawford, Kansas",426.3
"Rio Grande, Colorado",426.4
"Pike, Arkansas",426.5
"Marion, Arkansas",427.2
"Monroe, West Virginia",427.2
"Jackson, Florida",427.4
"Shasta, California",427.8
"Carter, Tennessee",428.1
"Bent, Colorado",428.3
"Jay, Indiana",428.3
"Irwin, Georgia",428.4
"Beauregard, Louisiana",428.6
"Pacific, Washington",428.6
"Sumner, Kansas",428.6
"Wirt, West Virginia",428.8
"Craighead, Arkansas",428.9
"Halifax, Virginia",429
"Hamilton, Illinois",429
"Martin, Texas",429
"Rush, Indiana",429.1
"Hancock, West Virginia",429.2
"Hart, Kentucky",429.2
"Rush, Kansas",429.6
"Duchesne, Utah",429.7
"Robertson, Tennessee",429.7
"Sebastian, Arkansas",429.8
"Mercer, Kentucky",430.1
"Nash, North Carolina",430.1
"Upton, Texas",430.2
"Burke, North Carolina",430.4
"Walton, Georgia",430.4
"Blount, Alabama",430.5
"Henry, Indiana",430.6
"Russell, Kansas",430.6
"Hunt, Texas",430.7
"Foard, Texas",430.8
"Hertford, North Carolina",430.9
"Jefferson, Indiana",430.9
"Bath, Virginia",431
"Calhoun, Michigan",431
"Hopkins, Texas",431.1
"Johnson, Arkansas",431.3
"Bertie, North Carolina",431.4
"De Baca, New Mexico",431.4
"Montgomery, Kentucky",431.4
"Sullivan, Tennessee",431.6
"Amherst, Virginia",431.8
"Autauga, Alabama",431.9
"Jefferson, Illinois",431.9
"Sheridan, Montana",431.9
"Jefferson, Texas",432
"Polk, Missouri",432
"Towns, Georgia",432
"Lawrence, Indiana",432.6
"Madison, Mississippi",432.6
"Searcy, Arkansas",432.6
"Hardin, Texas",432.7
"Liberty, Florida",432.8
"Johnson, Georgia",432.9
"Giles, Virginia",433.3
"Mitchell, Georgia",433.5
"Union, Kentucky",433.5
"Benton, Missouri",433.6
"Fannin, Texas",433.7
"Genesee, Michigan",433.7
"Silver Bow, Montana",433.7
"Allen, Louisiana",433.8
"Trimble, Kentucky",433.8
"Pulaski, Arkansas",433.9
"Salem City, Virginia",434.1
"Braxton, West Virginia",434.2
"Coffey, Kansas",434.3
"Delaware, Indiana",434.5
"Donley, Texas",434.5
"Grimes, Texas",434.6
"Calhoun, West Virginia",434.7
"Cowley, Kansas",434.7
"Wayne, Kentucky",434.7
"Roberts, South Dakota",434.9
"Ritchie, West Virginia",435
"Spartanburg, South Carolina",435
"Hoke, North Carolina",435.1
"Marshall, Kentucky",435.1
"Vernon, Missouri",435.3
"Anderson, South Carolina",435.4
"Newton, Arkansas",435.4
"Delaware, Oklahoma",435.5
"Hamilton, Florida",435.5
"Cherokee, North Carolina",435.6
"Benewah, Idaho",435.7
"Dawson, Montana",435.7
"Garfield, Oklahoma",435.7
"Gilchrist, Florida",435.8
"Churchill, Nevada",435.9
"Echols, Georgia",435.9
"Atoka, Oklahoma",436
"Kershaw, South Carolina",436
"Otero, Colorado",436.1
"Calhoun, Florida",436.6
"Wheeler, Texas",436.8
"Cedar, Missouri",436.9
"Rockingham, North Carolina",437
"Rutherford, North Carolina",437
"Meigs, Ohio",437.1
"Cherokee, Texas",437.2
"Baxter, Arkansas",437.4
"Leon, Texas",437.5
"Marion, Indiana",437.5
"Trinity, California",437.7
"Crawford, Missouri",438
"Kiowa, Colorado",438
"Woodward, Oklahoma",438.1
"Chickasaw, Mississippi",438.5
"Jasper, Texas",438.7
"Marshall, Tennessee",438.7
"Perkins, South Dakota",438.7
"Harper, Kansas",438.8
"Rowan, North Carolina",438.8
"Mason, Kentucky",438.9
"Barry, Missouri",439
"Harrison, Texas",439.5
"Jackson, Louisiana",439.5
"Assumption, Louisiana",439.6
"Graham, Kansas",439.6
"Winchester City, Virginia",439.6
"Marshall, Oklahoma",439.7
"Patrick, Virginia",439.7
"Deer Lodge, Montana",440
"Buena Vista City, Virginia",440.1
"Clark, Indiana",440.1
"Independence, Arkansas",440.1
"Sampson, North Carolina",440.3
"Athens, Ohio",440.4
"Franklin, Tennessee",440.5
"Las Animas, Colorado",440.5
"Dale, Alabama",440.6
"Fulton, Arkansas",440.6
"Hardin, Illinois",440.6
"Caldwell, Missouri",440.8
"Chester, Tennessee",440.8
"Anderson, Tennessee",440.9
"Montgomery, Kansas",441
"Logan, Kentucky",441.2
"Lauderdale, Alabama",441.4
"Crockett, Texas",441.5
"Escambia, Florida",441.6
"Tuscaloosa, Alabama",441.6
"Wayne, North Carolina",441.9
"Breckinridge, Kentucky",442
"Crenshaw, Alabama",442
"Madison, Florida",442.3
"Ozark, Missouri",442.3
"Charlotte, Virginia",442.4
"Newberry, South Carolina",442.4
"Carroll, Georgia",442.5
"Little River, Arkansas",442.5
"Greensville, Virginia",442.6
"Blackford, Indiana",442.7
"Sumter, South Carolina",442.7
"Houston, Texas",442.8
"Eddy, North Dakota",442.9
"Heard, Georgia",442.9
"Citrus, Florida",443.1
"Brown, Texas",443.2
"Quitman, Georgia",443.2
"Runnels, Texas",443.3
"Livingston, Louisiana",443.4
"Monroe, Iowa",443.4
"Stark, Illinois",443.4
"Clare, Michigan",443.5
"Greenup, Kentucky",443.6
"Barbour, Alabama",443.7
"Dickson, Tennessee",444.1
"Vermilion, Illinois",444.1
"Del Norte, California",444.2
"Mecklenburg, Virginia",444.3
"Oklahoma, Oklahoma",444.4
"Grayson, Texas",444.7
"Greene, Indiana",445
"Iosco, Michigan",445
"Martin, North Carolina",445.3
"Clarendon, South Carolina",445.5
"Clinton, Ohio",445.5
"Madison, Indiana",445.6
"Vigo, Indiana",445.6
"Caswell, North Carolina",445.8
"Galax City, Virginia",445.8
"Kimble, Texas",446.1
"Covington City, Virginia",446.2
"Shelby, Tennessee",446.3
"Bryan, Georgia",446.4
"Grant, Oklahoma",446.6
"Lynn, Texas",446.6
"Jackson, Mississippi",446.8
"Oscoda, Michigan",446.8
"Gordon, Georgia",446.9
"Karnes, Texas",446.9
"Duval, Texas",447.1
"Fayette, Pennsylvania",447.1
"Alleghany, Virginia",447.2
"Boyd, Kentucky",447.2
"Fulton, Indiana",447.2
"Lowndes, Georgia",447.3
"Wilbarger, Texas",447.7
"Harmon, Oklahoma",447.9
"Huerfano, Colorado",447.9
"Eddy, New Mexico",448
"Harrison, Ohio",448.1
"Clark, Kentucky",448.2
"Crawford, Indiana",448.2
"Major, Oklahoma",448.2
"Panola, Texas",448.2
"Callahan, Texas",448.6
"Cumberland, North Carolina",448.7
"Jackson, Indiana",448.7
"Grady, Oklahoma",449
"West Carroll, Louisiana",449
"McCulloch, Texas",449.1
"Palo Pinto, Texas",449.1
"Calhoun, Arkansas",449.3
"Morgan, Alabama",449.3
"Nowata, Oklahoma",450
"Owen, Kentucky",450.2
"Robertson, Texas",450.2
"Cleveland, Arkansas",450.3
"Izard, Arkansas",450.3
"Logan, Arkansas",450.8
"Fisher, Texas",450.9
"Angelina, Texas",451
"Okeechobee, Florida",451.2
"Ohio, Kentucky",451.4
"Bledsoe, Tennessee",451.5
"White, Illinois",451.5
"Lincoln, Tennessee",451.6
"Taylor, Florida",451.7
"Bland, Virginia",452
"Caldwell, North Carolina",452
"Jones, Mississippi",452
"Washita, Oklahoma",452.1
"Cullman, Alabama",452.2
"Hot Spring, Arkansas",452.2
"Lea, New Mexico",452.3
"Wayne, Missouri",452.3
"Tensas, Louisiana",452.5
"White Pine, Nevada",452.6
"Mountrail, North Dakota",452.9
"Lincoln, Oklahoma",453
"Morgan, Missouri",453.2
"Cumberland, Tennessee",453.3
"Tallapoosa, Alabama",453.3
"Coleman, Texas",453.5
"Orleans, Louisiana",453.6
"Smith, Mississippi",453.6
"Lonoke, Arkansas",453.7
"Bedford City, Virginia",453.9
"Union, Louisiana",454
"Bedford, Tennessee",454.1
"Gila, Arizona",454.1
"McLean, Kentucky",454.1
"Bates, Missouri",454.2
"Floyd, Georgia",454.2
"Sedgwick, Colorado",454.2
"Hickman, Kentucky",454.4
"Troup, Georgia",454.4
"Lamar, Texas",454.5
"Rusk, Texas",454.6
"Custer, Montana",454.7
"Cibola, New Mexico",454.8
"Surry, Virginia",454.8
"Yell, Arkansas",455
"Hamblen, Tennessee",455.1
"Terry, Texas",455.2
"Morgan, Kentucky",455.3
"San Miguel, New Mexico",455.4
"Brown, Kansas",455.6
"Thomas, Georgia",455.6
"Bladen, North Carolina",455.8
"Vinton, Ohio",455.9
"Bradford, Florida",456
"Van Zandt, Texas",456.2
"Baker, Florida",456.7
"Dent, Missouri",456.7
"Suwannee, Florida",456.7
"Wetzel, West Virginia",456.7
"Mason, Illinois",456.9
"Clark, Missouri",457
"White, Arkansas",457
"Graves, Kentucky",457.1
"Catron, New Mexico",457.3
"Wood, Texas",457.3
"Trego, Kansas",457.4
"Walker, Georgia",457.4
"St. Clair, Alabama",457.6
"Ward, Texas",457.7
"Pulaski, Virginia",457.8
"Itawamba, Mississippi",457.9
"Scott, Arkansas",457.9
"Terrell, Georgia",457.9
"Wichita, Texas",458
"Tift, Georgia",458.2
"Bowie, Texas",458.3
"Jasper, South Carolina",458.4
"Kay, Oklahoma",458.4
"Reagan, Texas",458.4
"Dewey, Oklahoma",458.5
"Evans, Georgia",458.5
"Scurry, Texas",458.6
"Brown, Ohio",458.7
"Crawford, Arkansas",459.4
"Gregg, Texas",459.4
"Polk, Arkansas",459.5
"Brooks, Texas",459.7
"Gaston, North Carolina",459.7
"Calcasieu, Louisiana",459.8
"Nacogdoches, Texas",459.8
"Ross, Ohio",459.8
"Norton City, Virginia",460.1
"Taylor, Kentucky",460.2
"Howell, Missouri",460.4
"Waynesboro City, Virginia",460.6
"Clay, West Virginia",460.8
"Marion, Illinois",460.9
"Northampton, North Carolina",460.9
"Fountain, Indiana",461
"Henry, Kentucky",461
"Charles City, Virginia",461.2
"Norfolk City, Virginia",461.3
"Love, Oklahoma",461.6
"Terrebonne, Louisiana",461.8
"Macon, Georgia",461.9
"Monroe, Mississippi",462
"McCracken, Kentucky",462.1
"Jasper, Missouri",462.8
"Montgomery, Georgia",462.8
"Highland, Ohio",462.9
"Iberia, Louisiana",463
"Wayne, Georgia",463.1
"Wright, Missouri",463.1
"Forest, Pennsylvania",463.4
"Hinds, Mississippi",463.4
"Simpson, Kentucky",463.4
"Socorro, New Mexico",463.4
"Grant, Arkansas",463.5
"Tyler, Texas",463.6
"Clark, Ohio",463.7
"Fayette, Ohio",463.8
"Ouachita, Louisiana",463.9
"La Salle, Louisiana",464
"Prince of Wales-Outer Ketchikan, Alaska",464
"Alexander, Illinois",464.2
"Obion, Tennessee",464.5
"Winn, Louisiana",464.5
"Iberville, Louisiana",464.7
"Columbia, Florida",464.8
"Henry, Missouri",464.8
"Hickory, Missouri",464.8
"Liberty, Texas",464.8
"Butler, Kentucky",465
"Greenbrier, West Virginia",465.2
"Nottoway, Virginia",465.2
"Allen, Kentucky",465.3
"Lawrence, Illinois",465.5
"Weakley, Tennessee",465.7
"Madison, Georgia",466
"Carbon, Utah",466.1
"Randolph, Arkansas",466.2
"Wayne, West Virginia",466.3
"Lanier, Georgia",466.4
"Grant, Indiana",466.7
"Cochran, Texas",466.9
"St. John the Baptist, Louisiana",467.1
"Houston, Tennessee",467.2
"Noxubee, Mississippi",467.3
"Vermillion, Indiana",467.7
"Jefferson, Tennessee",467.9
"Jennings, Indiana",467.9
"Wabash, Illinois",467.9
"Labette, Kansas",468
"Comanche, Kansas",468.2
"Marion, Kentucky",468.3
"Sequatchie, Tennessee",468.5
"Lee, Mississippi",468.6
"DeKalb, Alabama",468.7
"Northampton, Virginia",468.9
"Madison, Missouri",469.1
"Covington, Alabama",469.3
"Pendleton, Kentucky",469.3
"Allen, Kansas",469.4
"Chattahoochee, Georgia",469.5
"Natchitoches, Louisiana",469.7
"Tate, Mississippi",469.7
"Nolan, Texas",470.5
"Christian, Kentucky",471.1
"Giles, Tennessee",471.3
"Edgecombe, North Carolina",471.4
"Sevier, Arkansas",471.4
"Harrison, West Virginia",471.6
"Tyrrell, North Carolina",471.7
"Wayne, Michigan",471.7
"Clay, Mississippi",471.8
"St. Clair, Missouri",471.8
"Gadsden, Florida",472
"Tattnall, Georgia",472.2
"Brooke, West Virginia",472.4
"Monroe, Tennessee",472.5
"Scott, Virginia",473
"Wayne, Tennessee",473.4
"Switzerland, Indiana",473.6
"Cass, Texas",473.8
"Henderson, Texas",474.1
"Grant, Louisiana",474.3
"Navajo, Arizona",474.6
"Greene, Mississippi",474.8
"Custer, Oklahoma",475.1
"Lauderdale, Mississippi",475.2
"Dougherty, Georgia",475.4
"Stephens, Texas",475.9
"Crockett, Tennessee",476
"Talbot, Georgia",476
"Greenwood, Kansas",476.1
"Smith, Tennessee",476.2
"Cleveland, North Carolina",476.4
"Coffee, Georgia",476.6
"Bethel, Alaska",476.9
"Dixie, Florida",476.9
"Turner, Georgia",477.2
"Laurel, Kentucky",477.3
"Screven, Georgia",477.3
"Bradley, Arkansas",477.4
"Garland, Arkansas",477.4
"Grant, Kentucky",477.4
"Kanawha, West Virginia",477.5
"Lawrence, Ohio",477.5
"Accomack, Virginia",477.6
"Hawkins, Tennessee",478.2
"Lee, Virginia",478.2
"Elk, Kansas",478.6
"Meriwether, Georgia",478.6
"Anson, North Carolina",478.7
"Essex, Virginia",479
"Roane, West Virginia",479
"Muhlenberg, Kentucky",479.5
"Geneva, Alabama",480.2
"Reynolds, Missouri",480.3
"Morgan, Tennessee",480.4
"Cabell, West Virginia",480.5
"Hempstead, Arkansas",480.6
"Jefferson, Alabama",480.6
"Clarke, Alabama",480.7
"Potter, Texas",480.9
"Cherokee, Oklahoma",481.1
"Coffee, Tennessee",481.1
"Lamar, Georgia",481.1
"Winkler, Texas",481.8
"Winston, Mississippi",482.2
"Harrison, Mississippi",482.5
"Jackson, Oklahoma",482.5
"Sumter, Georgia",482.5
"Sabine, Louisiana",482.6
"Mobile, Alabama",482.7
"St. Mary, Louisiana",483.3
"Claiborne, Louisiana",483.4
"Stone, Arkansas",483.5
"Refugio, Texas",484.2
"Young, Texas",484.4
"Washington, Alabama",484.5
"Rhea, Tennessee",484.6
"Kimball, Nebraska",484.7
"Jim Wells, Texas",484.8
"Baca, Colorado",484.9
"Caddo, Louisiana",485
"Ellis, Oklahoma",485.2
"Issaquena, Mississippi",485.3
"Muscogee, Georgia",485.3
"Haskell, Oklahoma",485.6
"Berrien, Georgia",485.7
"Wyandotte, Kansas",485.8
"Gray, Texas",486
"Franklin, Illinois",486.3
"Mohave, Arizona",486.3
"Rapides, Louisiana",486.4
"Randolph, Alabama",486.8
"Hopkins, Kentucky",487
"East Feliciana, Louisiana",487.3
"McDonald, Missouri",487.3
"Greene, Arkansas",487.7
"Chattooga, Georgia",487.8
"Blaine, Oklahoma",488.1
"Pope, Illinois",488.1
"Henry, Alabama",488.4
"Eastland, Texas",488.7
"Hampton, South Carolina",488.8
"Sussex, Virginia",488.8
"Pickens, Alabama",488.9
"Franklin, Georgia",489
"Graham, North Carolina",489
"Dodge, Georgia",489.2
"Shelby, Texas",489.2
"Bryan, Oklahoma",489.7
"Hardeman, Tennessee",489.7
"Aransas, Texas",489.9
"Vance, North Carolina",489.9
"Montague, Texas",490.1
"Miller, Arkansas",490.4
"Ector, Texas",490.6
"Gallia, Ohio",490.7
"Clay, Alabama",490.8
"Levy, Florida",490.8
"Benton, Mississippi",491
"Fremont, Wyoming",491
"Lake, California",491.2
"Cheatham, Tennessee",491.3
"Dade, Georgia",491.3
"Union, Arkansas",491.3
"Fleming, Kentucky",491.4
"Leake, Mississippi",491.5
"Stephens, Oklahoma",491.5
"Haskell, Texas",491.7
"Scott, Missouri",491.9
"Philadelphia, Pennsylvania",492.1
"Spalding, Georgia",492.1
"Taylor, Georgia",492.2
"Howard, Arkansas",492.3
"Ballard, Kentucky",492.4
"Conway, Arkansas",492.4
"McMinn, Tennessee",492.4
"Portsmouth City, Virginia",492.4
"Colquitt, Georgia",492.5
"Livingston, Kentucky",492.7
"Pierce, Georgia",492.8
"Cannon, Tennessee",493.2
"Sullivan, Indiana",493.2
"Colbert, Alabama",493.3
"Lyman, South Dakota",493.8
"Stoddard, Missouri",493.8
"Greene, Tennessee",494
"Washington, Missouri",494
"Pulaski, Kentucky",494.2
"Lawrence, Tennessee",494.5
"Northwest Arctic, Alaska",494.7
"Jefferson, Arkansas",494.8
"Pike, Alabama",495.1
"Todd, Kentucky",495.1
"Prairie, Arkansas",495.2
"Lewis, Kentucky",495.5
"Murray, Georgia",495.5
"Massac, Illinois",496
"Toombs, Georgia",496
"Treutlen, Georgia",496.1
"Franklin, Louisiana",496.2
"Lincoln, Kentucky",496.2
"Lenoir, North Carolina",496.4
"Saline, Illinois",496.4
"San Jacinto, Texas",496.4
"Upshur, Texas",496.6
"Tangipahoa, Louisiana",496.7
"Chesterfield, South Carolina",497.2
"Delta, Texas",497.5
"Ware, Georgia",497.7
"Limestone, Texas",497.8
"Bullock, Alabama",498.5
"Perry, Tennessee",498.5
"Pearl River, Mississippi",498.8
"Richmond City, Virginia",498.8
"Summers, West Virginia",498.9
"Red River, Louisiana",499
"Cherokee, Alabama",499.1
"Halifax, North Carolina",499.1
"Jones, North Carolina",499.1
"Lauderdale, Tennessee",499.3
"Marion, Tennessee",499.5
"Fairfield, South Carolina",499.6
"Collingsworth, Texas",499.7
"Nevada, Arkansas",499.8
"Orange, Texas",500.1
"Rowan, Kentucky",500.2
"Mason, West Virginia",500.5
"Chicot, Arkansas",500.6
"Hickman, Tennessee",501.3
"Roane, Tennessee",501.4
"Mayes, Oklahoma",501.8
"Lamar, Alabama",501.9
"La Paz, Arizona",501.9
"Latimer, Oklahoma",502
"McKinley, New Mexico",502
"Tillman, Oklahoma",502.7
"Tyler, West Virginia",502.8
"Laurens, Georgia",503
"Florence, South Carolina",503.3
"Starke, Indiana",503.3
"St. Francois, Missouri",503.4
"Lewis, West Virginia",503.6
"Newton, Mississippi",503.6
"Dyer, Tennessee",504.3
"Howard, Texas",504.3
"Sabine, Texas",504.6
"Grainger, Tennessee",504.8
"Haywood, Tennessee",504.8
"Walthall, Mississippi",504.8
"Henry, Virginia",504.9
"Carter, Kentucky",505
"Wilkinson, Georgia",505.1
"Ben Hill, Georgia",505.3
"Monroe, Arkansas",505.8
"Sumter, Alabama",506
"Henderson, Tennessee",506.3
"Unicoi, Tennessee",506.4
"Smyth, Virginia",506.5
"Crittenden, Kentucky",506.8
"Lawrence, Arkansas",506.8
"Lincoln, Mississippi",507
"Creek, Oklahoma",507.1
"Jefferson, Ohio",507.2
"Washington, Florida",507.4
"Humphreys, Tennessee",507.6
"Forrest, Mississippi",507.7
"Adams, Ohio",508.2
"Carlisle, Kentucky",509.1
"Butler, Missouri",509.4
"Stephens, Georgia",509.4
"Clark, Arkansas",509.9
"Macon, Alabama",509.9
"Lawrence, Alabama",510
"Marshall, Alabama",510
"Webster, Louisiana",510.2
"Candler, Georgia",510.3
"Cotton, Oklahoma",510.5
"Webster, Mississippi",510.7
"Jefferson Davis, Louisiana",511
"Carroll, Tennessee",511.2
"Baylor, Texas",511.5
"Sequoyah, Oklahoma",511.7
"Pottawatomie, Oklahoma",511.8
"Monroe, Alabama",512.3
"Warren, Tennessee",512.3
"Ashley, Arkansas",512.4
"Brantley, Georgia",512.4
"Bleckley, Georgia",512.6
"Cherokee, South Carolina",512.7
"Casey, Kentucky",512.9
"Le Flore, Oklahoma",513.3
"Newton, Texas",513.7
"Washington, Indiana",513.7
"Hutchinson, Texas",514
"Putnam, Florida",514.1
"Marengo, Alabama",514.3
"Anderson, Texas",514.6
"Stewart, Tennessee",514.6
"McDuffie, Georgia",514.8
"Attala, Mississippi",514.9
"Morris, Texas",514.9
"Elbert, Georgia",515
"Clinch, Georgia",515.1
"Menifee, Kentucky",515.1
"Randolph, Georgia",515.3
"Jeff Davis, Georgia",515.5
"Harrison, Kentucky",515.9
"McNairy, Tennessee",516.1
"Russell, Kentucky",516.8
"Henry, Tennessee",516.9
"Scotland, North Carolina",517.1
"Warren, Mississippi",517.1
"Scioto, Ohio",517.6
"Marion, Texas",517.8
"Miller, Georgia",517.8
"St. Bernard, Louisiana",517.9
"Pittsburg, Oklahoma",518
"St. Francis, Arkansas",518.3
"Alcorn, Mississippi",518.5
"Iron, Missouri",518.6
"Roanoke City, Virginia",519.4
"Adair, Oklahoma",520.1
"Mora, New Mexico",520.1
"Shoshone, Idaho",520.1
"Burke, Georgia",520.2
"Caldwell, Kentucky",520.5
"Rio Arriba, New Mexico",521.2
"Chester, South Carolina",522.2
"Mahnomen, Minnesota",522.2
"Upson, Georgia",522.9
"Marshall, Mississippi",523
"Bennett, South Dakota",523.1
"Hale, Alabama",523.3
"Tippah, Mississippi",523.4
"Union, Tennessee",523.8
"Cleburne, Alabama",523.9
"Bristol City, Virginia",524.4
"De Soto, Louisiana",524.4
"Overton, Tennessee",524.4
"Yazoo, Mississippi",524.4
"Arkansas, Arkansas",524.7
"Talladega, Alabama",524.7
"Robeson, North Carolina",525
"Jasper, Mississippi",525.3
"Holmes, Florida",525.4
"Appling, Georgia",525.6
"DeKalb, Tennessee",525.7
"Fayette, Indiana",525.7
"Richmond, Georgia",525.9
"Nicholas, West Virginia",526.3
"Laurens, South Carolina",526.5
"Decatur, Georgia",526.7
"Jackson, Tennessee",526.8
"Crisp, Georgia",526.9
"Decatur, Tennessee",527
"Clarke, Mississippi",527.1
"Calhoun, Alabama",527.2
"Concordia, Louisiana",527.3
"Quay, New Mexico",527.3
"Hardin, Tennessee",527.5
"Butler, Alabama",528.1
"Pontotoc, Oklahoma",528.2
"George, Mississippi",528.5
"Butts, Georgia",528.6
"Pulaski, Illinois",528.8
"Pike, Ohio",529
"Metcalfe, Kentucky",529.3
"Columbia, Arkansas",530
"Dallas, Arkansas",530.1
"Russell, Virginia",530.1
"Chilton, Alabama",530.5
"St. Helena, Louisiana",530.5
"Trinity, Texas",530.6
"Craig, Oklahoma",530.7
"Greene, Alabama",530.9
"Lawrence, Mississippi",530.9
"Choctaw, Alabama",531.1
"Menard, Texas",531.1
"Covington, Mississippi",531.4
"Stone, Mississippi",531.5
"Jackson, Ohio",531.8
"St. Landry, Louisiana",532.5
"Calhoun, Mississippi",532.8
"Woodson, Kansas",532.9
"Jackson, Alabama",533.1
"Adams, Mississippi",533.3
"Murray, Oklahoma",533.5
"Perry, Mississippi",533.7
"Orangeburg, South Carolina",534
"Jefferson, Georgia",534.7
"Ottawa, Oklahoma",534.9
"Macon, Tennessee",535.2
"Jenkins, Georgia",535.3
"Simpson, Mississippi",535.3
"Mellette, South Dakota",535.4
"Sharp, Arkansas",535.6
"Polk, Georgia",535.7
"Tishomingo, Mississippi",536.9
"Esmeralda, Nevada",537.2
"Franklin City, Virginia",537.4
"Meagher, Montana",537.7
"Etowah, Alabama",538.1
"Richmond, North Carolina",538.6
"Franklin, Arkansas",538.8
"Wilkes, Georgia",539
"Fayette, West Virginia",539.2
"Bibb, Alabama",539.7
"Scott, Mississippi",539.8
"Williamsburg, South Carolina",539.8
"Pushmataha, Oklahoma",540.2
"Hopewell City, Virginia",540.8
"Prentiss, Mississippi",540.8
"Barnwell, South Carolina",540.9
"Wilcox, Georgia",541
"Blaine, Montana",541.5
"St. Louis City, Missouri",541.6
"Richland, Louisiana",542.2
"Escambia, Alabama",542.5
"Columbus, North Carolina",543.1
"Emanuel, Georgia",543.1
"Stewart, Georgia",544
"Beckham, Oklahoma",544.5
"Copiah, Mississippi",544.8
"Webster, Kentucky",544.8
"Evangeline, Louisiana",545.3
"Decatur, Kansas",545.5
"Menominee, Wisconsin",545.8
"Union, South Carolina",545.9
"Lake and Peninsula, Alaska",546.1
"Clay, Georgia",546.2
"Webster, West Virginia",546.4
"Allendale, South Carolina",546.5
"Clay, Arkansas",546.7
"Washington, Louisiana",546.7
"Catahoula, Louisiana",546.9
"Cook, Georgia",547
"Franklin, Mississippi",547.6
"Apache, Arizona",547.8
"Darlington, South Carolina",548.6
"Atkinson, Georgia",548.8
"Colleton, South Carolina",549.5
"Campbell, Tennessee",549.6
"Okmulgee, Oklahoma",549.8
"Red River, Texas",550
"Camp, Texas",550.6
"Bienville, Louisiana",551.1
"Bibb, Georgia",551.3
"Nye, Nevada",552.3
"Wise, Virginia",552.7
"Caddo, Oklahoma",552.9
"Early, Georgia",553.2
"Seminole, Georgia",553.7
"Bacon, Georgia",554.8
"Cherokee, Kansas",554.8
"Sierra, New Mexico",554.9
"Carroll, Kentucky",555.4
"Gallatin, Illinois",555.4
"Wayne, Mississippi",555.8
"Claiborne, Tennessee",556.6
"Acadia, Louisiana",557
"Dillingham, Alaska",557.3
"Winston, Alabama",557.3
"Russell, Alabama",557.9
"White, Tennessee",558
"Rockcastle, Kentucky",558.3
"Grayson, Kentucky",558.7
"Warren, Georgia",558.8
"Cocke, Tennessee",559.8
"Tallahatchie, Mississippi",560
"Gibson, Tennessee",560.1
"Marlboro, South Carolina",560.9
"Magoffin, Kentucky",561.3
"Glascock, Georgia",561.6
"Polk, Texas",561.8
"Cumberland, Kentucky",562.1
"Fayette, Alabama",562.1
"Trousdale, Tennessee",563
"Dickenson, Virginia",563.1
"McIntosh, Oklahoma",563.4
"Avoyelles, Louisiana",563.8
"Carter, Oklahoma",564.5
"Polk, Tennessee",564.9
"Claiborne, Mississippi",566.5
"Ripley, Missouri",566.6
"Chambers, Alabama",567.2
"Marion, Alabama",568
"Fentress, Tennessee",568.1
"Jefferson Davis, Mississippi",568.3
"Ouachita, Arkansas",568.5
"Bamberg, South Carolina",568.9
"Raleigh, West Virginia",569.8
"Peach, Georgia",570.1
"Humphreys, Mississippi",570.7
"McCreary, Kentucky",572.4
"Buchanan, Virginia",572.9
"Hall, Texas",573.1
"Lee, Arkansas",573.4
"Lake, Tennessee",573.5
"Wilkinson, Mississippi",573.8
"Coosa, Alabama",574
"Dillon, South Carolina",574.7
"Franklin, Alabama",575.1
"Jackson, Arkansas",575.1
"Knox, Kentucky",575.6
"Danville City, Virginia",576.2
"McCurtain, Oklahoma",576.3
"Nicholas, Kentucky",576.3
"Monroe, Kentucky",577.4
"Clinton, Kentucky",577.7
"Lincoln, West Virginia",578.2
"Desha, Arkansas",578.9
"Estill, Kentucky",579.4
"Coal, Oklahoma",579.9
"Okfuskee, Oklahoma",580.2
"Morehouse, Louisiana",580.6
"Grenada, Mississippi",581.1
"Scott, Tennessee",581.4
"Bath, Kentucky",581.5
"Fulton, Kentucky",581.5
"Gallatin, Kentucky",583.2
"East Carroll, Louisiana",583.6
"Cross, Arkansas",584.6
"Mineral, Nevada",585
"Pike, Mississippi",585.1
"Muskogee, Oklahoma",585.3
"Sullivan, Pennsylvania",586.1
"Van Buren, Tennessee",586.7
"Pawnee, Oklahoma",586.9
"Baltimore City, Maryland",587.9
"Neshoba, Mississippi",589.3
"Petersburg City, Virginia",589.7
"Johnston, Oklahoma",589.8
"Taliaferro, Georgia",590.1
"Stonewall, Texas",590.3
"Carter, Missouri",590.7
"Panola, Mississippi",592
"Thurston, Nebraska",592
"Haralson, Georgia",592.6
"Conecuh, Alabama",593.6
"Leflore, Mississippi",595.4
"Crittenden, Arkansas",595.6
"Dallas, Alabama",598.5
"Hughes, Oklahoma",598.6
"Meigs, Tennessee",599.6
"Johnson, Kentucky",599.7
"Choctaw, Oklahoma",600
"Benton, Tennessee",600.7
"Whitley, Kentucky",600.8
"Mercer, West Virginia",601.1
"Marion, South Carolina",601.3
"Madison, Louisiana",601.4
"Real, Texas",601.8
"Scott, Indiana",602.5
"Lee, South Carolina",602.6
"Tazewell, Virginia",604.8
"Swain, North Carolina",606
"Kiowa, Oklahoma",608.1
"Garvin, Oklahoma",608.6
"Nome, Alaska",609.3
"Seminole, Oklahoma",609.5
"Perry, Alabama",609.9
"Caldwell, Louisiana",611
"Martinsville City, Virginia",615.2
"Lawrence, Kentucky",616
"Holmes, Mississippi",623.8
"Mississippi, Missouri",624.1
"Mississippi, Arkansas",624.9
"Letcher, Kentucky",628
"Big Horn, Montana",628.2
"Montgomery, Mississippi",633.2
"Woodruff, Arkansas",635.1
"Bell, Kentucky",635.9
"Pike, Kentucky",636
"Wilcox, Alabama",638.4
"Yalobusha, Mississippi",638.8
"Poinsett, Arkansas",639.3
"Jefferson, Mississippi",643.1
"New Madrid, Missouri",643.1
"Hancock, Tennessee",644.3
"Dunklin, Missouri",644.7
"Lowndes, Alabama",645.3
"Washington, Mississippi",646.5
"Phillips, Arkansas",646.8
"Jefferson, Oklahoma",648.1
"Boone, West Virginia",648.9
"Wade Hampton, Alaska",650.3
"Sharkey, Mississippi",651.9
"Emporia City, Virginia",652.7
"Yukon-Koyukuk, Alaska",653.2
"Walker, Alabama",653.8
"Lafayette, Arkansas",654.2
"Rolette, North Dakota",654.3
"Martin, Kentucky",656.7
"Jackson, Kentucky",656.9
"Marion, Mississippi",658
"Quitman, Mississippi",658.2
"San Augustine, Texas",659.5
"Sunflower, Mississippi",666.8
"Glacier, Montana",668.6
"Logan, West Virginia",669
"Pemiscot, Missouri",669.1
"Lee, Kentucky",674.4
"Clay, Tennessee",675.2
"Coahoma, Mississippi",675.8
"Grundy, Tennessee",677
"Jackson, South Dakota",680.7
"Floyd, Kentucky",685.5
"Harlan, Kentucky",686.5
"Mingo, West Virginia",695.5
"Knott, Kentucky",696.2
"Benson, North Dakota",700
"Bolivar, Mississippi",702.6
"Clay, Kentucky",705.3
"Buffalo, South Dakota",711.2
"Breathitt, Kentucky",712.3
"Tunica, Mississippi",713.8
"Roosevelt, Montana",716.9
"Wolfe, Kentucky",724.2
"Wyoming, West Virginia",731.4
"Powell, Kentucky",736.8
"Leslie, Kentucky",737.5
"Perry, Kentucky",742.7
"Robertson, Kentucky",745.4
"Owsley, Kentucky",777.6
"Union, Florida",780.6
"Corson, South Dakota",792.6
"Dewey, South Dakota",811.4
"Sioux, North Dakota",834.5
"McDowell, West Virginia",861.2
"Todd, South Dakota",878.2
"Shannon, South Dakota",983.4